tag,page,page_width,page_height,r,g,b,text,x0,x1,top,doctop,bottom,upright,direction
,1,603.84,995.16,0.949,0.949,0.949,RÈGLEMENT,275.04,361.39302,71.51904000000002,71.51904000000002,85.55903999999998,True,1
,1,603.84,995.16,0.949,0.949,0.949,1000-2008-PPC-2,364.79772,474.8432400000001,71.51904000000002,71.51904000000002,85.55903999999998,True,1
,1,603.84,995.16,0.949,0.949,0.949,amendant,235.8,284.80656,98.74464,98.74464,109.78463999999997,True,1
,1,603.84,995.16,0.949,0.949,0.949,le,287.862432,296.400768,98.74464,98.74464,109.78463999999997,True,1
,1,603.84,995.16,0.949,0.949,0.949,Règlement,299.52508800000004,352.61976000000004,98.74464,98.74464,109.78463999999997,True,1
,1,603.84,995.16,0.949,0.949,0.949,numéro,355.673424,393.12,98.74464,98.74464,109.78463999999997,True,1
,1,603.84,995.16,0.949,0.949,0.949,1000-2008-PPC,396.12288,475.01472000000007,98.74464,98.74464,109.78463999999997,True,1
,1,603.84,995.16,0.949,0.949,0.949,relatif,477.9624,504.785184,98.74464,98.74464,109.78463999999997,True,1
,1,603.84,995.16,0.949,0.949,0.949,aux,235.80000000000004,253.55232000000004,111.46271999999999,111.46271999999999,122.50271999999995,True,1
,1,603.84,995.16,0.949,0.949,0.949,projets,256.55630400000007,289.66305600000004,111.46271999999999,111.46271999999999,122.50271999999995,True,1
,1,603.84,995.16,0.949,0.949,0.949,particuliers,292.78737600000005,345.93504,111.46271999999999,111.46271999999999,122.50271999999995,True,1
,1,603.84,995.16,0.949,0.949,0.949,de,349.05936,361.19784000000004,111.46271999999999,111.46271999999999,122.50271999999995,True,1
,1,603.84,995.16,0.949,0.949,0.949,"construction,",364.29456,426.6264,111.46271999999999,111.46271999999999,122.50271999999995,True,1
,1,603.84,995.16,0.949,0.949,0.949,de,429.80150399999997,442.05590399999994,111.46271999999999,111.46271999999999,122.50271999999995,True,1
,1,603.84,995.16,0.949,0.949,0.949,modification,444.91747200000003,503.71982400000013,111.46271999999999,111.46271999999999,122.50271999999995,True,1
,1,603.84,995.16,0.949,0.949,0.949,ou,235.80000000000004,248.05440000000004,124.05935999999997,124.05935999999997,135.09935999999993,True,1
,1,603.84,995.16,0.949,0.949,0.949,d’occupation,251.15664000000004,312.95193600000005,124.05935999999997,124.05935999999997,135.09935999999993,True,1
,1,603.84,995.16,0.949,0.949,0.949,d’un,316.05417600000004,336.824832,124.05935999999997,124.05935999999997,135.09935999999993,True,1
,1,603.84,995.16,0.949,0.949,0.949,immeuble,339.811152,387.45758399999994,124.05935999999997,124.05935999999997,135.09935999999993,True,1
,1,603.84,995.16,0.949,0.949,0.949,sur,390.55982399999994,405.75638399999997,124.05935999999997,124.05935999999997,135.09935999999993,True,1
,1,603.84,995.16,0.949,0.949,0.949,le,408.92375999999996,417.462096,124.05935999999997,124.05935999999997,135.09935999999993,True,1
,1,603.84,995.16,0.949,0.949,0.949,territoire,420.47712,460.92768,124.05935999999997,124.05935999999997,135.09935999999993,True,1
,1,603.84,995.16,0.949,0.949,0.949,de,463.91400000000004,476.051376,124.05935999999997,124.05935999999997,135.09935999999993,True,1
,1,603.84,995.16,0.949,0.949,0.949,la,479.153616,487.691952,124.05935999999997,124.05935999999997,135.09935999999993,True,1
,1,603.84,995.16,0.949,0.949,0.949,Ville,235.8,256.458048,136.65599999999995,136.65599999999995,147.6959999999999,True,1
,1,603.84,995.16,0.949,0.949,0.949,de,259.560288,271.814688,136.65599999999995,136.65599999999995,147.6959999999999,True,1
,1,603.84,995.16,0.949,0.949,0.949,Sainte-Adèle,274.91692800000004,337.935456,136.65599999999995,136.65599999999995,147.6959999999999,True,1
,1,603.84,995.16,0.949,0.949,0.949,Séance,106.44,143.76623999999998,180.58607999999992,180.58607999999992,191.6260799999999,True,1
,1,603.84,995.16,0.949,0.949,0.949,ordinaire,147.3432,190.18502400000003,180.58607999999992,180.58607999999992,191.6260799999999,True,1
,1,603.84,995.16,0.949,0.949,0.949,du,193.76198400000004,206.01638400000004,180.58607999999992,180.58607999999992,191.6260799999999,True,1
,1,603.84,995.16,0.949,0.949,0.949,conseil,209.47632000000004,243.598752,180.58607999999992,180.58607999999992,191.6260799999999,True,1
,1,603.84,995.16,0.949,0.949,0.949,"municipal,",247.14700799999997,296.640432,180.58607999999992,180.58607999999992,191.6260799999999,True,1
,1,603.84,995.16,0.949,0.949,0.949,tenue,300.290256,327.89688,180.58607999999992,180.58607999999992,191.6260799999999,True,1
,1,603.84,995.16,0.949,0.949,0.949,publiquement,331.35792000000004,397.2876960000002,180.58607999999992,180.58607999999992,191.6260799999999,True,1
,1,603.84,995.16,0.949,0.949,0.949,le,400.9375200000002,409.4758560000002,180.58607999999992,180.58607999999992,191.6260799999999,True,1
,1,603.84,995.16,0.949,0.949,0.949,15,413.07489600000025,425.3292960000002,180.58607999999992,180.58607999999992,191.6260799999999,True,1
,1,603.84,995.16,0.949,0.949,0.949,mai,428.7848160000003,446.5923360000003,180.58607999999992,180.58607999999992,191.6260799999999,True,1
,1,603.84,995.16,0.949,0.949,0.949,2023,450.23663999999997,474.60743999999994,180.58607999999992,180.58607999999992,191.6260799999999,True,1
,1,603.84,995.16,0.949,0.949,0.949,à,478.20095999999995,484.33919999999995,180.58607999999992,180.58607999999992,191.6260799999999,True,1
,1,603.84,995.16,0.949,0.949,0.949,"19h,",487.91615999999993,509.33376,180.58607999999992,180.58607999999992,191.6260799999999,True,1
,1,603.84,995.16,0.949,0.949,0.949,dans,106.44,130.30848,193.1827199999999,193.1827199999999,204.22271999999987,True,1
,1,603.84,995.16,0.949,0.949,0.949,la,133.669056,142.207392,193.1827199999999,193.1827199999999,204.22271999999987,True,1
,1,603.84,995.16,0.949,0.949,0.949,salle,145.428864,168.00345600000003,193.1827199999999,193.1827199999999,204.22271999999987,True,1
,1,603.84,995.16,0.949,0.949,0.949,du,171.34084800000002,183.59524800000003,193.1827199999999,193.1827199999999,204.22271999999987,True,1
,1,603.84,995.16,0.949,0.949,0.949,conseil,186.81782400000003,220.938048,193.1827199999999,193.1827199999999,204.22271999999987,True,1
,1,603.84,995.16,0.949,0.949,0.949,municipal,224.127504,270.6025919999999,193.1827199999999,193.1827199999999,204.22271999999987,True,1
,1,603.84,995.16,0.949,0.949,0.949,située,273.9112799999999,303.32183999999995,193.1827199999999,193.1827199999999,204.22271999999987,True,1
,1,603.84,995.16,0.949,0.949,0.949,au,306.543312,318.797712,193.1827199999999,193.1827199999999,204.22271999999987,True,1
,1,603.84,995.16,0.949,0.949,0.949,"1386,",322.019184,349.4370240000001,193.1827199999999,193.1827199999999,204.22271999999987,True,1
,1,603.84,995.16,0.949,0.949,0.949,rue,352.72804800000006,368.7029280000001,193.1827199999999,193.1827199999999,204.22271999999987,True,1
,1,603.84,995.16,0.949,0.949,0.949,"Dumouchel,",371.9244000000001,430.53686400000026,193.1827199999999,193.1827199999999,204.22271999999987,True,1
,1,603.84,995.16,0.949,0.949,0.949,à,433.82788800000026,439.96612800000025,193.1827199999999,193.1827199999999,204.22271999999987,True,1
,1,603.84,995.16,0.949,0.949,0.949,"Sainte-Adèle,",443.1876000000003,509.21673599999997,193.1827199999999,193.1827199999999,204.22271999999987,True,1
,1,603.84,995.16,0.949,0.949,0.949,lieu,106.44,123.494592,205.77935999999988,205.77935999999988,216.81935999999985,True,1
,1,603.84,995.16,0.949,0.949,0.949,ordinaire,126.11107200000001,168.952896,205.77935999999988,205.77935999999988,216.81935999999985,True,1
,1,603.84,995.16,0.949,0.949,0.949,des,171.56937600000003,189.20577600000004,205.77935999999988,205.77935999999988,216.81935999999985,True,1
,1,603.84,995.16,0.949,0.949,0.949,séances,191.72510400000004,232.634928,205.77935999999988,205.77935999999988,216.81935999999985,True,1
,1,603.84,995.16,0.949,0.949,0.949,à,235.273488,241.41172799999998,205.77935999999988,205.77935999999988,216.81935999999985,True,1
,1,603.84,995.16,0.949,0.949,0.949,laquelle,243.91228799999996,281.7231839999999,205.77935999999988,205.77935999999988,216.81935999999985,True,1
,1,603.84,995.16,0.949,0.949,0.949,sont,284.3396639999999,305.04518399999995,205.77935999999988,205.77935999999988,216.81935999999985,True,1
,1,603.84,995.16,0.949,0.949,0.949,présents,307.73452799999995,349.84660799999995,205.77935999999988,205.77935999999988,216.81935999999985,True,1
,1,603.84,995.16,0.949,0.949,0.949,les,352.364832,366.4010880000001,205.77935999999988,205.77935999999988,216.81935999999985,True,1
,1,603.84,995.16,0.949,0.949,0.949,membres,368.91931200000005,414.7551840000001,205.77935999999988,205.77935999999988,216.81935999999985,True,1
,1,603.84,995.16,0.949,0.949,0.949,du,417.39374400000014,429.6481440000002,205.77935999999988,205.77935999999988,216.81935999999985,True,1
,1,603.84,995.16,0.949,0.949,0.949,conseil,432.1487040000002,466.2722400000002,205.77935999999988,205.77935999999988,216.81935999999985,True,1
,1,603.84,995.16,0.949,0.949,0.949,suivants,468.7407840000001,509.0489279999998,205.77935999999988,205.77935999999988,216.81935999999985,True,1
,1,603.84,995.16,0.949,0.949,0.949,formant,106.44,143.817024,218.49743999999987,218.49743999999987,229.53743999999983,True,1
,1,603.84,995.16,0.949,0.949,0.949,le,146.871792,155.410128,218.49743999999987,218.49743999999987,229.53743999999983,True,1
,1,603.84,995.16,0.949,0.949,0.949,quorum,158.38761599999998,195.77568,218.49743999999987,218.49743999999987,229.53743999999983,True,1
,1,603.84,995.16,0.949,0.949,0.949,:,198.823824,201.892944,218.49743999999987,218.49743999999987,229.53743999999983,True,1
,1,603.84,995.16,0.949,0.949,0.949,Monsieur,106.44,151.62120000000002,243.81215999999984,243.81215999999984,254.8521599999998,True,1
,1,603.84,995.16,0.949,0.949,0.949,Richard,154.788576,192.718704,243.81215999999984,243.81215999999984,254.8521599999998,True,1
,1,603.84,995.16,0.949,0.949,0.949,Allard,195.820944,223.91443199999998,243.81215999999984,243.81215999999984,254.8521599999998,True,1
,1,603.84,995.16,0.949,0.949,0.949,Conseiller,311.64047999999997,360.42182399999996,243.81215999999984,243.81215999999984,254.8521599999998,True,1
,1,603.84,995.16,0.949,0.949,0.949,du,363.590304,375.844704,243.81215999999984,243.81215999999984,254.8521599999998,True,1
,1,603.84,995.16,0.949,0.949,0.949,district,378.946944,410.69136,243.81215999999984,243.81215999999984,254.8521599999998,True,1
,1,603.84,995.16,0.949,0.949,0.949,1,413.866464,420.004704,243.81215999999984,243.81215999999984,254.8521599999998,True,1
,1,603.84,995.16,0.949,0.949,0.949,Madame,106.44,149.16590399999998,256.4087999999998,256.4087999999998,267.4487999999998,True,1
,1,603.84,995.16,0.949,0.949,0.949,Arielle,152.268144,182.77939199999997,256.4087999999998,256.4087999999998,267.4487999999998,True,1
,1,603.84,995.16,0.949,0.949,0.949,Beaudin,185.881632,226.204128,256.4087999999998,256.4087999999998,267.4487999999998,True,1
,1,603.84,995.16,0.949,0.949,0.949,Conseillère,311.65151999999995,366.61526399999997,256.4087999999998,256.4087999999998,267.4487999999998,True,1
,1,603.84,995.16,0.949,0.949,0.949,du,369.711984,381.96638399999995,256.4087999999998,256.4087999999998,267.4487999999998,True,1
,1,603.84,995.16,0.949,0.949,0.949,district,385.068624,416.81414399999994,256.4087999999998,256.4087999999998,267.4487999999998,True,1
,1,603.84,995.16,0.949,0.949,0.949,2,419.989248,426.12748799999997,256.4087999999998,256.4087999999998,267.4487999999998,True,1
,1,603.84,995.16,0.949,0.949,0.949,Monsieur,106.45103999999998,151.63224,269.0054399999998,269.0054399999998,280.04543999999976,True,1
,1,603.84,995.16,0.949,0.949,0.949,Alexandre,154.799616,204.241152,269.0054399999998,269.0054399999998,280.04543999999976,True,1
,1,603.84,995.16,0.949,0.949,0.949,Laganière,207.343392,256.29916799999995,269.0054399999998,269.0054399999998,280.04543999999976,True,1
,1,603.84,995.16,0.949,0.949,0.949,Conseiller,311.65151999999995,360.43286399999994,269.0054399999998,269.0054399999998,280.04543999999976,True,1
,1,603.84,995.16,0.949,0.949,0.949,du,363.601344,375.85574399999996,269.0054399999998,269.0054399999998,280.04543999999976,True,1
,1,603.84,995.16,0.949,0.949,0.949,district,378.95798399999995,410.70239999999995,269.0054399999998,269.0054399999998,280.04543999999976,True,1
,1,603.84,995.16,0.949,0.949,0.949,3,413.877504,420.015744,269.0054399999998,269.0054399999998,280.04543999999976,True,1
,1,603.84,995.16,0.949,0.949,0.949,Monsieur,106.45103999999998,151.63224,281.7235199999998,281.7235199999998,292.76351999999974,True,1
,1,603.84,995.16,0.949,0.949,0.949,Jean-François,154.799616,224.515008,281.7235199999998,281.7235199999998,292.76351999999974,True,1
,1,603.84,995.16,0.949,0.949,0.949,Robillard,227.51788799999997,270.845472,281.7235199999998,281.7235199999998,292.76351999999974,True,1
,1,603.84,995.16,0.949,0.949,0.949,Conseiller,311.65152,360.432864,281.7235199999998,281.7235199999998,292.76351999999974,True,1
,1,603.84,995.16,0.949,0.949,0.949,du,363.60134400000004,375.855744,281.7235199999998,281.7235199999998,292.76351999999974,True,1
,1,603.84,995.16,0.949,0.949,0.949,district,378.957984,410.7024,281.7235199999998,281.7235199999998,292.76351999999974,True,1
,1,603.84,995.16,0.949,0.949,0.949,4,413.87750400000004,420.01574400000004,281.7235199999998,281.7235199999998,292.76351999999974,True,1
,1,603.84,995.16,0.949,0.949,0.949,Monsieur,106.45104000000003,151.63224000000005,294.32015999999976,294.32015999999976,305.3601599999997,True,1
,1,603.84,995.16,0.949,0.949,0.949,Gaëtan,154.79520000000005,190.92580800000007,294.32015999999976,294.32015999999976,305.3601599999997,True,1
,1,603.84,995.16,0.949,0.949,0.949,Gagné,193.90660800000006,227.04096000000004,294.32015999999976,294.32015999999976,305.3601599999997,True,1
,1,603.84,995.16,0.949,0.949,0.949,Conseiller,311.66256,360.443904,294.32015999999976,294.32015999999976,305.3601599999997,True,1
,1,603.84,995.16,0.949,0.949,0.949,du,363.612384,375.866784,294.32015999999976,294.32015999999976,305.3601599999997,True,1
,1,603.84,995.16,0.949,0.949,0.949,district,378.969024,410.71344,294.32015999999976,294.32015999999976,305.3601599999997,True,1
,1,603.84,995.16,0.949,0.949,0.949,5,413.888544,420.026784,294.32015999999976,294.32015999999976,305.3601599999997,True,1
,1,603.84,995.16,0.949,0.949,0.949,Monsieur,106.46208000000001,151.64328000000003,307.03823999999975,307.03823999999975,318.0782399999997,True,1
,1,603.84,995.16,0.949,0.949,0.949,David,154.81065600000002,182.78491200000002,307.03823999999975,307.03823999999975,318.0782399999997,True,1
,1,603.84,995.16,0.949,0.949,0.949,Huggins-Daines,185.88715200000004,264.254592,307.03823999999975,307.03823999999975,318.0782399999997,True,1
,1,603.84,995.16,0.949,0.949,0.949,Conseiller,311.67359999999996,360.45494399999995,307.03823999999975,307.03823999999975,318.0782399999997,True,1
,1,603.84,995.16,0.949,0.949,0.949,du,363.623424,375.877824,307.03823999999975,307.03823999999975,318.0782399999997,True,1
,1,603.84,995.16,0.949,0.949,0.949,district,378.98006399999997,410.74655999999993,307.03823999999975,307.03823999999975,318.0782399999997,True,1
,1,603.84,995.16,0.949,0.949,0.949,6,413.92607999999996,420.06431999999995,307.03823999999975,307.03823999999975,318.0782399999997,True,1
,1,603.84,995.16,0.949,0.949,0.949,sous,106.48415999999997,129.75647999999998,332.3529599999997,332.3529599999997,343.3929599999997,True,1
,1,603.84,995.16,0.949,0.949,0.949,la,132.88079999999997,141.41913599999998,332.3529599999997,332.3529599999997,343.3929599999997,True,1
,1,603.84,995.16,0.949,0.949,0.949,présidence,144.52137599999998,198.285072,332.3529599999997,332.3529599999997,343.3929599999997,True,1
,1,603.84,995.16,0.949,0.949,0.949,de,201.387312,213.64171199999998,332.3529599999997,332.3529599999997,343.3929599999997,True,1
,1,603.84,995.16,0.949,0.949,0.949,madame,216.62803199999996,259.4753759999999,332.3529599999997,332.3529599999997,343.3929599999997,True,1
,1,603.84,995.16,0.949,0.949,0.949,la,262.5776159999999,271.1159519999999,332.3529599999997,332.3529599999997,343.3929599999997,True,1
,1,603.84,995.16,0.949,0.949,0.949,mairesse,274.0934399999999,318.74472,332.3529599999997,332.3529599999997,343.3929599999997,True,1
,1,603.84,995.16,0.949,0.949,0.949,Michèle,321.84695999999997,359.6611680000001,332.3529599999997,332.3529599999997,343.3929599999997,True,1
,1,603.84,995.16,0.949,0.949,0.949,Lalonde.,362.7634080000001,404.92958400000026,332.3529599999997,332.3529599999997,343.3929599999997,True,1
,1,603.84,995.16,0.949,0.949,0.949,ATTENDU,106.48415999999997,158.48697599999997,356.95007999999973,356.95007999999973,367.9900799999997,True,1
,1,603.84,995.16,0.949,0.949,0.949,le,162.40175999999997,170.94009599999995,356.95007999999973,356.95007999999973,367.9900799999997,True,1
,1,603.84,995.16,0.949,0.949,0.949,règlement,174.75993599999998,223.658304,356.95007999999973,356.95007999999973,367.9900799999997,True,1
,1,603.84,995.16,0.949,0.949,0.949,"1000-2008-PPC,",227.43839999999994,309.4545599999999,356.95007999999973,356.95007999999973,367.9900799999997,True,1
,1,603.84,995.16,0.949,0.949,0.949,adopté,313.3483679999999,346.9552319999999,356.95007999999973,356.95007999999973,367.9900799999997,True,1
,1,603.84,995.16,0.949,0.949,0.949,à,350.7794879999999,356.9177279999999,356.95007999999973,356.95007999999973,367.9900799999997,True,1
,1,603.84,995.16,0.949,0.949,0.949,la,360.7419839999999,369.2803199999999,356.95007999999973,356.95007999999973,367.9900799999997,True,1
,1,603.84,995.16,0.949,0.949,0.949,séance,373.1056799999999,408.6323999999999,356.95007999999973,356.95007999999973,367.9900799999997,True,1
,1,603.84,995.16,0.949,0.949,0.949,ordinaire,412.4577599999999,455.18366399999985,356.95007999999973,356.95007999999973,367.9900799999997,True,1
,1,603.84,995.16,0.949,0.949,0.949,du,459.12494399999986,471.2623199999998,356.95007999999973,356.95007999999973,367.9900799999997,True,1
,1,603.84,995.16,0.949,0.949,0.949,conseil,475.2035999999998,509.3227199999999,356.95007999999973,356.95007999999973,367.9900799999997,True,1
,1,603.84,995.16,0.949,0.949,0.949,du,106.4620799999999,118.71647999999989,369.5467199999997,369.5467199999997,380.5867199999997,True,1
,1,603.84,995.16,0.949,0.949,0.949,20,121.8187199999999,134.0731199999999,369.5467199999997,369.5467199999997,380.5867199999997,True,1
,1,603.84,995.16,0.949,0.949,0.949,octobre,137.1753599999999,173.90212799999992,369.5467199999997,369.5467199999997,380.5867199999997,True,1
,1,603.84,995.16,0.949,0.949,0.949,2008;,176.88844799999993,204.44428799999991,369.5467199999997,369.5467199999997,380.5867199999997,True,1
,1,603.84,995.16,0.949,0.949,0.949,ATTENDU,106.4510399999999,158.4648959999999,394.26527999999973,394.26527999999973,405.3052799999997,True,1
,1,603.84,995.16,0.949,0.949,0.949,QU’il,166.21387199999992,190.02494399999998,394.26527999999973,394.26527999999973,405.3052799999997,True,1
,1,603.84,995.16,0.949,0.949,0.949,y,197.89425599999993,203.41425599999994,394.26527999999973,394.26527999999973,405.3052799999997,True,1
,1,603.84,995.16,0.949,0.949,0.949,a,211.2140159999999,217.3522559999999,394.26527999999973,394.26527999999973,405.3052799999997,True,1
,1,603.84,995.16,0.949,0.949,0.949,lieu,225.24916799999988,242.18452799999983,394.26527999999973,394.26527999999973,405.3052799999997,True,1
,1,603.84,995.16,0.949,0.949,0.949,de,250.08143999999982,262.33583999999985,394.26527999999973,394.26527999999973,405.3052799999997,True,1
,1,603.84,995.16,0.949,0.949,0.949,modifier,270.1146239999998,309.2988959999999,394.26527999999973,394.26527999999973,405.3052799999997,True,1
,1,603.84,995.16,0.949,0.949,0.949,certaines,317.1428159999999,361.656096,394.26527999999973,394.26527999999973,405.3052799999997,True,1
,1,603.84,995.16,0.949,0.949,0.949,références,369.4900799999999,421.5580319999999,394.26527999999973,394.26527999999973,405.3052799999997,True,1
,1,603.84,995.16,0.949,0.949,0.949,aux,429.3577919999999,447.1101119999999,394.26527999999973,394.26527999999973,405.3052799999997,True,1
,1,603.84,995.16,0.949,0.949,0.949,règlements,454.90987199999995,509.37460799999985,394.26527999999973,394.26527999999973,405.3052799999997,True,1
,1,603.84,995.16,0.949,0.949,0.949,d’urbanismes;,106.45103999999992,175.04255999999992,406.8619199999997,406.8619199999997,417.9019199999997,True,1
,1,603.84,995.16,0.949,0.949,0.949,ATTENDU,106.44,158.453856,431.62799999999993,431.62799999999993,442.6679999999999,True,1
,1,603.84,995.16,0.949,0.949,0.949,QU'un,163.56316800000002,194.538096,431.62799999999993,431.62799999999993,442.6679999999999,True,1
,1,603.84,995.16,0.949,0.949,0.949,avis,199.676112,219.11203199999997,431.62799999999993,431.62799999999993,442.6679999999999,True,1
,1,603.84,995.16,0.949,0.949,0.949,de,224.15179199999997,236.40619199999998,431.62799999999993,431.62799999999993,442.6679999999999,True,1
,1,603.84,995.16,0.949,0.949,0.949,motion,241.54420799999994,274.6752479999999,431.62799999999993,431.62799999999993,442.6679999999999,True,1
,1,603.84,995.16,0.949,0.949,0.949,du,279.8132639999999,292.0676639999999,431.62799999999993,431.62799999999993,442.6679999999999,True,1
,1,603.84,995.16,0.949,0.949,0.949,présent,297.20568,333.746976,431.62799999999993,431.62799999999993,442.6679999999999,True,1
,1,603.84,995.16,0.949,0.949,0.949,règlement,338.95785600000005,387.85512000000017,431.62799999999993,431.62799999999993,442.6679999999999,True,1
,1,603.84,995.16,0.949,0.949,0.949,a,393.06600000000014,399.20424000000014,431.62799999999993,431.62799999999993,442.6679999999999,True,1
,1,603.84,995.16,0.949,0.949,0.949,été,404.3422560000002,419.60064000000017,431.62799999999993,431.62799999999993,442.6679999999999,True,1
,1,603.84,995.16,0.949,0.949,0.949,donné,424.7386560000002,455.3415360000003,431.62799999999993,431.62799999999993,442.6679999999999,True,1
,1,603.84,995.16,0.949,0.949,0.949,lors,460.4795520000003,478.11484800000017,431.62799999999993,431.62799999999993,442.6679999999999,True,1
,1,603.84,995.16,0.949,0.949,0.949,de,483.2749440000001,495.5293440000001,431.62799999999993,431.62799999999993,442.6679999999999,True,1
,1,603.84,995.16,0.949,0.949,0.949,la,500.66736000000003,509.205696,431.62799999999993,431.62799999999993,442.6679999999999,True,1
,1,603.84,995.16,0.949,0.949,0.949,séance,106.44,141.96672,444.22799999999995,444.22799999999995,455.2679999999999,True,1
,1,603.84,995.16,0.949,0.949,0.949,ordinaire,145.06896,187.91299200000003,444.22799999999995,444.22799999999995,455.2679999999999,True,1
,1,603.84,995.16,0.949,0.949,0.949,du,190.89820800000004,203.15260800000004,444.22799999999995,444.22799999999995,455.2679999999999,True,1
,1,603.84,995.16,0.949,0.949,0.949,15,206.27692800000005,218.53132800000003,444.22799999999995,444.22799999999995,455.2679999999999,True,1
,1,603.84,995.16,0.949,0.949,0.949,mai,221.396208,239.203728,444.22799999999995,444.22799999999995,455.2679999999999,True,1
,1,603.84,995.16,0.949,0.949,0.949,2023,242.272848,266.75956799999994,444.22799999999995,444.22799999999995,455.2679999999999,True,1
,1,603.84,995.16,0.949,0.949,0.949,par,269.87616,285.666672,444.22799999999995,444.22799999999995,455.2679999999999,True,1
,1,603.84,995.16,0.949,0.949,0.949,[…];,288.72144000000003,308.94672,444.22799999999995,444.22799999999995,455.2679999999999,True,1
,1,603.84,995.16,0.949,0.949,0.949,ATTENDU,106.44,158.453856,468.828,468.828,479.86799999999994,True,1
,1,603.84,995.16,0.949,0.949,0.949,QU’un,163.56316800000002,194.77766400000002,468.828,468.828,479.86799999999994,True,1
,1,603.84,995.16,0.949,0.949,0.949,projet,199.91568,227.45716799999997,468.828,468.828,479.86799999999994,True,1
,1,603.84,995.16,0.949,0.949,0.949,de,232.54771199999993,244.80211199999994,468.828,468.828,479.86799999999994,True,1
,1,603.84,995.16,0.949,0.949,0.949,règlement,249.9401279999999,298.84070399999996,468.828,468.828,479.86799999999994,True,1
,1,603.84,995.16,0.949,0.949,0.949,a,304.05158399999993,310.18982399999993,468.828,468.828,479.86799999999994,True,1
,1,603.84,995.16,0.949,0.949,0.949,été,315.32784,330.586224,468.828,468.828,479.86799999999994,True,1
,1,603.84,995.16,0.949,0.949,0.949,déposé,335.72424,371.7312000000001,468.828,468.828,479.86799999999994,True,1
,1,603.84,995.16,0.949,0.949,0.949,et,376.8692160000001,386.05449600000014,468.828,468.828,479.86799999999994,True,1
,1,603.84,995.16,0.949,0.949,0.949,présenté,391.2653760000002,434.1116160000002,468.828,468.828,479.86799999999994,True,1
,1,603.84,995.16,0.949,0.949,0.949,avec,439.13260800000023,462.2845920000003,468.828,468.828,479.86799999999994,True,1
,1,603.84,995.16,0.949,0.949,0.949,l’avis,467.44358400000027,491.8000320000001,468.828,468.828,479.86799999999994,True,1
,1,603.84,995.16,0.949,0.949,0.949,de,496.95902400000006,509.213424,468.828,468.828,479.86799999999994,True,1
,1,603.84,995.16,0.949,0.949,0.949,motion,106.44,139.57103999999998,481.54607999999996,481.54607999999996,492.58608,True,1
,1,603.84,995.16,0.949,0.949,0.949,;,142.55184,145.62096,481.54607999999996,481.54607999999996,492.58608,True,1
,1,603.84,995.16,0.949,0.949,0.949,ATTENDU,106.44,158.453856,506.1432,506.1432,517.1831999999999,True,1
,1,603.84,995.16,0.949,0.949,0.949,QU’une,164.04451200000003,201.37516800000003,506.1432,506.1432,517.1831999999999,True,1
,1,603.84,995.16,0.949,0.949,0.949,copie,206.994528,233.16484799999995,506.1432,506.1432,517.1831999999999,True,1
,1,603.84,995.16,0.949,0.949,0.949,du,238.78420799999992,251.0386079999999,506.1432,506.1432,517.1831999999999,True,1
,1,603.84,995.16,0.949,0.949,0.949,règlement,256.65796799999987,305.55743999999993,506.1432,506.1432,517.1831999999999,True,1
,1,603.84,995.16,0.949,0.949,0.949,a,311.2496639999999,317.3879039999999,506.1432,506.1432,517.1831999999999,True,1
,1,603.84,995.16,0.949,0.949,0.949,été,322.8913439999999,338.2656479999999,506.1432,506.1432,517.1831999999999,True,1
,1,603.84,995.16,0.949,0.949,0.949,remise,343.7624639999999,376.77647999999994,506.1432,506.1432,517.1831999999999,True,1
,1,603.84,995.16,0.949,0.949,0.949,aux,382.39583999999996,400.14815999999996,506.1432,506.1432,517.1831999999999,True,1
,1,603.84,995.16,0.949,0.949,0.949,membres,405.670368,451.62216000000006,506.1432,506.1432,517.1831999999999,True,1
,1,603.84,995.16,0.949,0.949,0.949,du,457.20287999999994,469.4572799999999,506.1432,506.1432,517.1831999999999,True,1
,1,603.84,995.16,0.949,0.949,0.949,conseil,474.9607199999999,509.20017599999994,506.1432,506.1432,517.1831999999999,True,1
,1,603.84,995.16,0.949,0.949,0.949,municipal,106.44,152.91508800000003,518.86128,518.86128,529.90128,True,1
,1,603.84,995.16,0.949,0.949,0.949,dans,155.98862400000002,179.85710400000002,518.86128,518.86128,529.90128,True,1
,1,603.84,995.16,0.949,0.949,0.949,les,182.98032,197.01547200000005,518.86128,518.86128,529.90128,True,1
,1,603.84,995.16,0.949,0.949,0.949,délais,200.13979200000003,228.808464,518.86128,518.86128,529.90128,True,1
,1,603.84,995.16,0.949,0.949,0.949,impartis,231.81355199999996,270.3254879999999,518.86128,518.86128,529.90128,True,1
,1,603.84,995.16,0.949,0.949,0.949,par,273.4498079999999,289.2425279999999,518.86128,518.86128,529.90128,True,1
,1,603.84,995.16,0.949,0.949,0.949,la,292.4110079999999,300.94934399999994,518.86128,518.86128,529.90128,True,1
,1,603.84,995.16,0.949,0.949,0.949,Loi,304.051584,318.734784,518.86128,518.86128,529.90128,True,1
,1,603.84,995.16,0.949,0.949,0.949,;,321.68798400000003,324.757104,518.86128,518.86128,529.90128,True,1
,1,603.84,995.16,0.949,0.949,0.949,ATTENDU,106.44,158.453856,545.5008,545.5008,556.5408,True,1
,1,603.84,995.16,0.949,0.949,0.949,QUE,164.883552,188.807232,545.5008,545.5008,556.5408,True,1
,1,603.84,995.16,0.949,0.949,0.949,tous,195.24355200000002,216.11577599999998,545.5008,545.5008,556.5408,True,1
,1,603.84,995.16,0.949,0.949,0.949,les,222.59846399999992,236.63471999999993,545.5008,545.5008,556.5408,True,1
,1,603.84,995.16,0.949,0.949,0.949,membres,243.11519999999993,289.06699199999986,545.5008,545.5008,556.5408,True,1
,1,603.84,995.16,0.949,0.949,0.949,du,295.5485759999999,307.8029759999999,545.5008,545.5008,556.5408,True,1
,1,603.84,995.16,0.949,0.949,0.949,conseil,314.26689599999986,348.3860159999999,545.5008,545.5008,556.5408,True,1
,1,603.84,995.16,0.949,0.949,0.949,présents,354.93715199999997,397.16625600000003,545.5008,545.5008,556.5408,True,1
,1,603.84,995.16,0.949,0.949,0.949,déclarent,403.64784000000003,448.82241600000015,545.5008,545.5008,556.5408,True,1
,1,603.84,995.16,0.949,0.949,0.949,avoir,455.35588800000016,479.064288,545.5008,545.5008,556.5408,True,1
,1,603.84,995.16,0.949,0.949,0.949,lu,485.7092639999999,494.24759999999986,545.5008,545.5008,556.5408,True,1
,1,603.84,995.16,0.949,0.949,0.949,le,500.71041599999984,509.24764799999986,545.5008,545.5008,556.5408,True,1
,1,603.84,995.16,0.949,0.949,0.949,règlement,106.44,155.45649600000002,558.09744,558.09744,569.13744,True,1
,1,603.84,995.16,0.949,0.949,0.949,et,158.86564800000002,168.05092800000003,558.09744,558.09744,569.13744,True,1
,1,603.84,995.16,0.949,0.949,0.949,renoncent,171.46008,220.349616,558.09744,558.09744,569.13744,True,1
,1,603.84,995.16,0.949,0.949,0.949,à,223.759872,229.898112,558.09744,558.09744,569.13744,True,1
,1,603.84,995.16,0.949,0.949,0.949,sa,233.35363199999998,245.01187199999998,558.09744,558.09744,569.13744,True,1
,1,603.84,995.16,0.949,0.949,0.949,"lecture,",248.46739199999996,284.5284479999999,558.09744,558.09744,569.13744,True,1
,1,603.84,995.16,0.949,0.949,0.949,conformément,287.9364959999999,358.192848,558.09744,558.09744,569.13744,True,1
,1,603.84,995.16,0.949,0.949,0.949,à,361.72233600000004,367.86057600000004,558.09744,558.09744,569.13744,True,1
,1,603.84,995.16,0.949,0.949,0.949,l’article,371.3160960000001,405.4098240000002,558.09744,558.09744,569.13744,True,1
,1,603.84,995.16,0.949,0.949,0.949,356,408.8653440000002,427.23590400000023,558.09744,558.09744,569.13744,True,1
,1,603.84,995.16,0.949,0.949,0.949,de,430.69142400000027,442.9458240000003,558.09744,558.09744,569.13744,True,1
,1,603.84,995.16,0.949,0.949,0.949,la,446.40134400000034,454.93968000000035,558.09744,558.09744,569.13744,True,1
,1,603.84,995.16,0.949,0.949,0.949,Loi,458.4172800000004,472.9823520000004,558.09744,558.09744,569.13744,True,1
,1,603.84,995.16,0.949,0.949,0.949,sur,476.4091680000004,491.7260640000004,558.09744,558.09744,569.13744,True,1
,1,603.84,995.16,0.949,0.949,0.949,les,495.2467200000004,509.1615360000004,558.09744,558.09744,569.13744,True,1
,1,603.84,995.16,0.949,0.949,0.949,cités,106.44,129.11616,570.69408,570.69408,581.73408,True,1
,1,603.84,995.16,0.949,0.949,0.949,et,132.24048,141.30984,570.69408,570.69408,581.73408,True,1
,1,603.84,995.16,0.949,0.949,0.949,villes;,144.48494399999998,171.9072,570.69408,570.69408,581.73408,True,1
,1,603.84,995.16,0.949,0.949,0.949,LE,106.44,120.523728,595.8542399999999,595.8542399999999,606.89424,True,1
,1,603.84,995.16,0.949,0.949,0.949,CONSEIL,124.680288,173.65704,595.8542399999999,595.8542399999999,606.89424,True,1
,1,603.84,995.16,0.949,0.949,0.949,MUNICIPAL,177.71203200000002,238.44859199999993,595.8542399999999,595.8542399999999,606.89424,True,1
,1,603.84,995.16,0.949,0.949,0.949,décrète,242.64048,281.890992,595.8542399999999,595.8542399999999,606.89424,True,1
,1,603.84,995.16,0.949,0.949,0.949,qu’il,286.08288,308.718192,595.8542399999999,595.8542399999999,606.89424,True,1
,1,603.84,995.16,0.949,0.949,0.949,soit,312.969696,332.482896,595.8542399999999,595.8542399999999,606.89424,True,1
,1,603.84,995.16,0.949,0.949,0.949,statué,336.606336,368.903856,595.8542399999999,595.8542399999999,606.89424,True,1
,1,603.84,995.16,0.949,0.949,0.949,et,373.08139200000005,382.757952,595.8542399999999,595.8542399999999,606.89424,True,1
,1,603.84,995.16,0.949,0.949,0.949,ordonné,387.001728,430.953072,595.8542399999999,595.8542399999999,606.89424,True,1
,1,603.84,995.16,0.949,0.949,0.949,par,435.014688,452.14876799999996,595.8542399999999,595.8542399999999,606.89424,True,1
,1,603.84,995.16,0.949,0.949,0.949,le,456.25343999999996,465.51158399999997,595.8542399999999,595.8542399999999,606.89424,True,1
,1,603.84,995.16,0.949,0.949,0.949,présent,469.574304,509.2432320000001,595.8542399999999,595.8542399999999,606.89424,True,1
,1,603.84,995.16,0.949,0.949,0.949,règlement,106.44000000000003,159.06878400000005,608.4508799999999,608.4508799999999,619.49088,True,1
,1,603.84,995.16,0.949,0.949,0.949,ce,162.23616000000004,174.49056000000004,608.4508799999999,608.4508799999999,619.49088,True,1
,1,603.84,995.16,0.949,0.949,0.949,qui,177.47688000000005,193.99272000000005,608.4508799999999,608.4508799999999,619.49088,True,1
,1,603.84,995.16,0.949,0.949,0.949,suit,197.04748800000004,216.55958400000006,608.4508799999999,608.4508799999999,619.49088,True,1
,1,603.84,995.16,0.949,0.949,0.949,:,219.60000000000005,223.27632000000006,608.4508799999999,608.4508799999999,619.49088,True,1
,1,603.84,995.16,0.949,0.949,0.949,Article,106.44,143.712,627.5519999999999,627.5519999999999,639.5519999999999,True,1
,1,603.84,995.16,0.949,0.949,0.949,1,150.48,157.152,627.5519999999999,627.5519999999999,639.5519999999999,True,1
,1,603.84,995.16,0.949,0.949,0.949,Le,106.31472000000001,118.56912,652.9027199999999,652.9027199999999,663.94272,True,1
,1,603.84,995.16,0.949,0.949,0.949,règlement,121.67136,170.571936,652.9027199999999,652.9027199999999,663.94272,True,1
,1,603.84,995.16,0.949,0.949,0.949,1000-2008-PPC,173.74704000000003,252.52848,652.9027199999999,652.9027199999999,663.94272,True,1
,1,603.84,995.16,0.949,0.949,0.949,est,255.59760000000003,270.30288,652.9027199999999,652.9027199999999,663.94272,True,1
,1,603.84,995.16,0.949,0.949,0.949,modifié,273.35875200000004,308.88878400000004,652.9027199999999,652.9027199999999,663.94272,True,1
,1,603.84,995.16,0.949,0.949,0.949,par,311.8751040000001,327.783744,652.9027199999999,652.9027199999999,663.94272,True,1
,1,603.84,995.16,0.949,0.949,0.949,le,330.83188800000005,339.37022400000006,652.9027199999999,652.9027199999999,663.94272,True,1
,1,603.84,995.16,0.949,0.949,0.949,présent,342.47246400000006,379.130784,652.9027199999999,652.9027199999999,663.94272,True,1
,1,603.84,995.16,0.949,0.949,0.949,règlement.,382.185552,434.0867999999999,652.9027199999999,652.9027199999999,663.94272,True,1
,1,603.84,995.16,0.949,0.949,0.949,Article,106.44,143.712,680.352,680.352,692.352,True,1
,1,603.84,995.16,0.949,0.949,0.949,2,150.48,157.152,680.352,680.352,692.352,True,1
,1,603.84,995.16,0.949,0.949,0.949,L’article,106.43856,144.369792,705.8241599999999,705.8241599999999,716.86416,True,1
,1,603.84,995.16,0.949,0.949,0.949,7,147.47203199999998,153.61027199999998,705.8241599999999,705.8241599999999,716.86416,True,1
,1,603.84,995.16,0.949,0.949,0.949,est,156.712512,171.29856,705.8241599999999,705.8241599999999,716.86416,True,1
,1,603.84,995.16,0.949,0.949,0.949,modifié,174.34891199999998,209.878944,705.8241599999999,705.8241599999999,716.86416,True,1
,1,603.84,995.16,0.949,0.949,0.949,par,213.00326399999997,228.79598399999995,705.8241599999999,705.8241599999999,716.86416,True,1
,1,603.84,995.16,0.949,0.949,0.949,la,231.84412799999993,240.3824639999999,705.8241599999999,705.8241599999999,716.86416,True,1
,1,603.84,995.16,0.949,0.949,0.949,suppression,243.4847039999999,302.7672959999999,705.8241599999999,705.8241599999999,716.86416,True,1
,1,603.84,995.16,0.949,0.949,0.949,des,305.8695359999999,323.64724799999993,705.8241599999999,705.8241599999999,716.86416,True,1
,1,603.84,995.16,0.949,0.949,0.949,mots,326.6501279999999,350.5307519999999,705.8241599999999,705.8241599999999,716.86416,True,1
,1,603.84,995.16,0.949,0.949,0.949,«,353.5336319999999,359.6718719999999,705.8241599999999,705.8241599999999,716.86416,True,1
,1,603.84,995.16,0.949,0.949,0.949,au,362.75424,375.00863999999996,705.8241599999999,705.8241599999999,716.86416,True,1
,1,603.84,995.16,0.949,0.949,0.949,chapitre,377.99496,417.24105599999996,705.8241599999999,705.8241599999999,716.86416,True,1
,1,603.84,995.16,0.949,0.949,0.949,3,420.227376,426.365616,705.8241599999999,705.8241599999999,716.86416,True,1
,1,603.84,995.16,0.949,0.949,0.949,».,429.35856,438.54384,705.8241599999999,705.8241599999999,716.86416,True,1
,1,603.84,995.16,0.949,0.949,0.949,Article,106.44,143.712,731.952,731.952,743.952,True,1
,1,603.84,995.16,0.949,0.949,0.949,3,150.48,157.152,731.952,731.952,743.952,True,1
,1,603.84,995.16,0.949,0.949,0.949,Le,108.84528,121.09967999999999,757.3027199999999,757.3027199999999,768.34272,True,1
,1,603.84,995.16,0.949,0.949,0.949,texte,124.5552,148.449072,757.3027199999999,757.3027199999999,768.34272,True,1
,1,603.84,995.16,0.949,0.949,0.949,de,151.904592,164.158992,757.3027199999999,757.3027199999999,768.34272,True,1
,1,603.84,995.16,0.949,0.949,0.949,la,167.61451200000002,176.15284800000003,757.3027199999999,757.3027199999999,768.34272,True,1
,1,603.84,995.16,0.949,0.949,0.949,dernière,179.60836800000004,220.05230400000005,757.3027199999999,757.3027199999999,768.34272,True,1
,1,603.84,995.16,0.949,0.949,0.949,phrase,223.50782400000003,257.119104,757.3027199999999,757.3027199999999,768.34272,True,1
,1,603.84,995.16,0.949,0.949,0.949,du,260.574624,272.82902399999995,757.3027199999999,757.3027199999999,768.34272,True,1
,1,603.84,995.16,0.949,0.949,0.949,premier,276.30662399999994,313.575456,757.3027199999999,757.3027199999999,768.34272,True,1
,1,603.84,995.16,0.949,0.949,0.949,paragraphe,317.097216,373.2599040000001,757.3027199999999,757.3027199999999,768.34272,True,1
,1,603.84,995.16,0.949,0.949,0.949,de,376.71542400000016,388.9698240000002,757.3027199999999,757.3027199999999,768.34272,True,1
,1,603.84,995.16,0.949,0.949,0.949,l’article,392.4253440000002,426.739872,757.3027199999999,757.3027199999999,768.34272,True,1
,1,603.84,995.16,0.949,0.949,0.949,13,430.195392,442.449792,757.3027199999999,757.3027199999999,768.34272,True,1
,1,603.84,995.16,0.949,0.949,0.949,est,445.90531200000004,460.610592,757.3027199999999,757.3027199999999,768.34272,True,1
,1,603.84,995.16,0.949,0.949,0.949,remplacé,464.04624,509.29368,757.3027199999999,757.3027199999999,768.34272,True,1
,1,603.84,995.16,0.949,0.949,0.949,par,108.84528000000006,124.75392000000006,770.0208,770.0208,781.0608,True,1
,1,603.84,995.16,0.949,0.949,0.949,le,127.91688000000006,136.45521600000006,770.0208,770.0208,781.0608,True,1
,1,603.84,995.16,0.949,0.949,0.949,texte,139.43270400000006,163.32657600000007,770.0208,770.0208,781.0608,True,1
,1,603.84,995.16,0.949,0.949,0.949,suivant,166.42881600000007,201.1661760000001,770.0208,770.0208,781.0608,True,1
,1,603.84,995.16,0.949,0.949,0.949,:,204.25296000000003,207.32208000000003,770.0208,770.0208,781.0608,True,1
,1,603.84,995.16,0.949,0.949,0.949,«,134.77824000000004,140.91648000000004,795.33552,795.33552,806.3755199999999,True,1
,1,603.84,995.16,0.949,0.949,0.949,Le,144.01872000000006,156.27312000000006,795.33552,795.33552,806.3755199999999,True,1
,1,603.84,995.16,0.949,0.949,0.949,cas,161.17488000000006,178.33104000000006,795.33552,795.33552,806.3755199999999,True,1
,1,603.84,995.16,0.949,0.949,0.949,"échéant,",183.25046400000008,225.42436800000007,795.33552,795.33552,806.3755199999999,True,1
,1,603.84,995.16,0.949,0.949,0.949,les,230.40009600000008,244.43524800000003,795.33552,795.33552,806.3755199999999,True,1
,1,603.84,995.16,0.949,0.949,0.949,documents,249.354672,303.0995999999999,795.33552,795.33552,806.3755199999999,True,1
,1,603.84,995.16,0.949,0.949,0.949,fournis,307.89979199999993,341.0120639999999,795.33552,795.33552,806.3755199999999,True,1
,1,603.84,995.16,0.949,0.949,0.949,par,346.0518239999999,361.84343999999993,795.33552,795.33552,806.3755199999999,True,1
,1,603.84,995.16,0.949,0.949,0.949,le,366.80702399999996,375.34536,795.33552,795.33552,806.3755199999999,True,1
,1,603.84,995.16,0.949,0.949,0.949,requérant,380.24712000000005,427.2885600000001,795.33552,795.33552,806.3755199999999,True,1
,1,603.84,995.16,0.949,0.949,0.949,aux,432.25876800000003,450.01108800000003,795.33552,795.33552,806.3755199999999,True,1
,1,603.84,995.16,0.949,0.949,0.949,fins,454.81128000000007,472.0877760000001,795.33552,795.33552,806.3755199999999,True,1
,1,603.84,995.16,0.949,0.949,0.949,de,477.00830400000007,489.2627040000001,795.33552,795.33552,806.3755199999999,True,1
,1,603.84,995.16,0.949,0.949,0.949,l’article,134.7782400000001,168.9934080000001,807.93216,807.93216,818.9721599999999,True,1
,1,603.84,995.16,0.949,0.949,0.949,12,172.0956480000001,184.3500480000001,807.93216,807.93216,818.9721599999999,True,1
,1,603.84,995.16,0.949,0.949,0.949,du,187.4522880000001,199.7066880000001,807.93216,807.93216,818.9721599999999,True,1
,1,603.84,995.16,0.949,0.949,0.949,présent,202.8089280000001,239.36457600000008,807.93216,807.93216,818.9721599999999,True,1
,1,603.84,995.16,0.949,0.949,0.949,règlement,242.41824000000008,291.31771200000014,807.93216,807.93216,818.9721599999999,True,1
,1,603.84,995.16,0.949,0.949,0.949,lui,294.4895040000001,305.4555360000001,807.93216,807.93216,818.9721599999999,True,1
,1,603.84,995.16,0.949,0.949,0.949,sont,308.5246560000001,329.2301760000001,807.93216,807.93216,818.9721599999999,True,1
,1,603.84,995.16,0.949,0.949,0.949,remis.,332.2838400000001,362.2574400000001,807.93216,807.93216,818.9721599999999,True,1
,1,603.84,995.16,0.949,0.949,0.949,»,365.4369600000001,371.5752000000001,807.93216,807.93216,818.9721599999999,True,1
,1,603.84,995.16,0.949,0.949,0.949,Article,106.44,143.712,834.072,834.072,846.072,True,1
,1,603.84,995.16,0.949,0.949,0.949,4,150.48,157.152,834.072,834.072,846.072,True,1
,1,603.84,995.16,0.949,0.949,0.949,L’article,106.44,144.370128,860.6279999999999,860.6279999999999,871.668,True,1
,1,603.84,995.16,0.949,0.949,0.949,14,147.229488,159.48388799999998,860.6279999999999,860.6279999999999,871.668,True,1
,1,603.84,995.16,0.949,0.949,0.949,est,162.34324800000002,177.048528,860.6279999999999,860.6279999999999,871.668,True,1
,1,603.84,995.16,0.949,0.949,0.949,modifié,179.85820800000002,215.38934399999997,860.6279999999999,860.6279999999999,871.668,True,1
,1,603.84,995.16,0.949,0.949,0.949,à,218.24870399999995,224.38694399999994,860.6279999999999,860.6279999999999,871.668,True,1
,1,603.84,995.16,0.949,0.949,0.949,l’alinéa,227.12596799999992,261.21196799999984,860.6279999999999,860.6279999999999,871.668,True,1
,1,603.84,995.16,0.949,0.949,0.949,c),264.0713279999998,273.26764799999984,860.6279999999999,860.6279999999999,871.668,True,1
,1,603.84,995.16,0.949,0.949,0.949,par,276.21422399999983,292.12286399999977,860.6279999999999,860.6279999999999,871.668,True,1
,1,603.84,995.16,0.949,0.949,0.949,la,295.0473599999998,303.58569599999987,860.6279999999999,860.6279999999999,871.668,True,1
,1,603.84,995.16,0.949,0.949,0.949,suppression,306.44505599999985,365.724336,860.6279999999999,860.6279999999999,871.668,True,1
,1,603.84,995.16,0.949,0.949,0.949,des,368.583696,386.358096,860.6279999999999,860.6279999999999,871.668,True,1
,1,603.84,995.16,0.949,0.949,0.949,mots,389.239536,413.11464,860.6279999999999,860.6279999999999,871.668,True,1
,1,603.84,995.16,0.949,0.949,0.949,«,416.01816,422.1564,860.6279999999999,860.6279999999999,871.668,True,1
,1,603.84,995.16,0.949,0.949,0.949,paragraphe,425.28623999999996,481.45113599999996,860.6279999999999,860.6279999999999,871.668,True,1
,1,603.84,995.16,0.949,0.949,0.949,a),484.310496,494.10297599999996,860.6279999999999,860.6279999999999,871.668,True,1
,1,603.84,995.16,0.949,0.949,0.949,de,497.027472,509.28187199999996,860.6279999999999,860.6279999999999,871.668,True,1
,1,603.84,995.16,0.949,0.949,0.949,l’article,106.44,140.655168,873.34608,873.34608,884.38608,True,1
,1,603.84,995.16,0.949,0.949,0.949,5.2.2,143.757408,168.367776,873.34608,873.34608,884.38608,True,1
,1,603.84,995.16,0.949,0.949,0.949,du,171.35409600000003,183.608496,873.34608,873.34608,884.38608,True,1
,1,603.84,995.16,0.949,0.949,0.949,».,186.72287999999998,195.78671999999997,873.34608,873.34608,884.38608,True,1
,1,603.84,995.16,0.949,0.949,0.949,1,519.6,524.604,946.245,946.245,955.245,True,1
O,1,603.84,995.16,0.949,0.949,0.949,Règlement,83.16,119.71788,966.97056,966.97056,975.0105599999999,True,1
O,1,603.84,995.16,0.949,0.949,0.949,1000-2008-PPC-2,121.44,182.89416,966.97056,966.97056,975.0105599999999,True,1
O,1,603.84,995.16,0.949,0.949,0.949,(Avis,184.560048,202.0575,966.97056,966.97056,975.0105599999999,True,1
O,1,603.84,995.16,0.949,0.949,0.949,de,203.760372,212.12358,966.97056,966.97056,975.0105599999999,True,1
O,1,603.84,995.16,0.949,0.949,0.949,motion,213.959916,238.60734,966.97056,966.97056,975.0105599999999,True,1
O,1,603.84,995.16,0.949,0.949,0.949,–,240.24,244.26000000000002,966.97056,966.97056,975.0105599999999,True,1
O,1,603.84,995.16,0.949,0.949,0.949,15,246.0,254.893848,966.97056,966.97056,975.0105599999999,True,1
O,1,603.84,995.16,0.949,0.949,0.949,mai,256.56,269.354856,966.97056,966.97056,975.0105599999999,True,1
O,1,603.84,995.16,0.949,0.949,0.949,2023),271.200036,291.91188,966.97056,966.97056,975.0105599999999,True,1
,2,603.84,995.16,0.949,0.949,0.949,Article,106.44,143.712,52.752000000000066,1047.912,64.75200000000007,True,1
,2,603.84,995.16,0.949,0.949,0.949,5,150.48,157.152,52.752000000000066,1047.912,64.75200000000007,True,1
,2,603.84,995.16,0.949,0.949,0.949,Disposition,170.04,230.067792,53.35104000000001,1048.5110399999999,64.39103999999998,True,1
,2,603.84,995.16,0.949,0.949,0.949,finale,233.048592,261.869616,53.35104000000001,1048.5110399999999,64.39103999999998,True,1
,2,603.84,995.16,0.949,0.949,0.949,Que,106.43856000000002,127.33286400000001,78.22415999999998,1073.38416,89.26415999999995,True,1
,2,603.84,995.16,0.949,0.949,0.949,le,130.43510400000002,138.97344,78.22415999999998,1073.38416,89.26415999999995,True,1
,2,603.84,995.16,0.949,0.949,0.949,présent,142.07568000000003,178.61697600000002,78.22415999999998,1073.38416,89.26415999999995,True,1
,2,603.84,995.16,0.949,0.949,0.949,règlement,181.66843200000005,230.57011200000005,78.22415999999998,1073.38416,89.26415999999995,True,1
,2,603.84,995.16,0.949,0.949,0.949,entrera,233.74521600000008,268.559856,78.22415999999998,1073.38416,89.26415999999995,True,1
,2,603.84,995.16,0.949,0.949,0.949,en,271.662096,283.91649600000005,78.22415999999998,1073.38416,89.26415999999995,True,1
,2,603.84,995.16,0.949,0.949,0.949,vigueur,286.90281600000003,322.9682879999999,78.22415999999998,1073.38416,89.26415999999995,True,1
,2,603.84,995.16,0.949,0.949,0.949,conformément,326.01643199999995,396.389808,78.22415999999998,1073.38416,89.26415999999995,True,1
,2,603.84,995.16,0.949,0.949,0.949,à,399.44457600000004,405.58281600000004,78.22415999999998,1073.38416,89.26415999999995,True,1
,2,603.84,995.16,0.949,0.949,0.949,la,408.6850560000001,417.2233920000001,78.22415999999998,1073.38416,89.26415999999995,True,1
,2,603.84,995.16,0.949,0.949,0.949,Loi.,420.20971200000014,437.91124800000017,78.22415999999998,1073.38416,89.26415999999995,True,1
,2,603.84,995.16,0.949,0.949,0.949,Avis,116.76,137.400384,104.02800000000002,1099.188,115.06799999999998,True,1
,2,603.84,995.16,0.949,0.949,0.949,de,140.524704,152.77910400000002,104.02800000000002,1099.188,115.06799999999998,True,1
,2,603.84,995.16,0.949,0.949,0.949,motion,155.881344,189.01128000000003,104.02800000000002,1099.188,115.06799999999998,True,1
,2,603.84,995.16,0.949,0.949,0.949,15,442.92,455.1744,104.02800000000002,1099.188,115.06799999999998,True,1
,2,603.84,995.16,0.949,0.949,0.949,mai,458.27664000000004,476.08416,104.02800000000002,1099.188,115.06799999999998,True,1
,2,603.84,995.16,0.949,0.949,0.949,2023,479.15769600000004,503.64441600000004,104.02800000000002,1099.188,115.06799999999998,True,1
,2,603.84,995.16,0.949,0.949,0.949,Adoption,116.76,160.2024,120.34799999999996,1115.5079999999998,131.38799999999992,True,1
,2,603.84,995.16,0.949,0.949,0.949,du,163.30464,175.55904,120.34799999999996,1115.5079999999998,131.38799999999992,True,1
,2,603.84,995.16,0.949,0.949,0.949,projet,178.66128000000003,206.08574400000003,120.34799999999996,1115.5079999999998,131.38799999999992,True,1
,2,603.84,995.16,0.949,0.949,0.949,15,442.92,455.1744,120.34799999999996,1115.5079999999998,131.38799999999992,True,1
,2,603.84,995.16,0.949,0.949,0.949,mai,458.27664000000004,476.08416,120.34799999999996,1115.5079999999998,131.38799999999992,True,1
,2,603.84,995.16,0.949,0.949,0.949,2023,479.15769600000004,503.64441600000004,120.34799999999996,1115.5079999999998,131.38799999999992,True,1
,2,603.84,995.16,0.949,0.949,0.949,Consultation,116.76,177.959136,136.668,1131.828,147.70799999999997,True,1
,2,603.84,995.16,0.949,0.949,0.949,publique,181.06137600000002,222.70425600000004,136.668,1131.828,147.70799999999997,True,1
,2,603.84,995.16,0.949,0.949,0.949,6,449.64,455.77824,136.668,1131.828,147.70799999999997,True,1
,2,603.84,995.16,0.949,0.949,0.949,juin,458.88048,476.0532,136.668,1131.828,147.70799999999997,True,1
,2,603.84,995.16,0.949,0.949,0.949,2023,479.15544,503.64216,136.668,1131.828,147.70799999999997,True,1
,2,603.84,995.16,0.949,0.949,0.949,Adoption,116.76,160.2024,152.98799999999994,1148.148,164.0279999999999,True,1
,2,603.84,995.16,0.949,0.949,0.949,du,163.32,175.5744,152.98799999999994,1148.148,164.0279999999999,True,1
,2,603.84,995.16,0.949,0.949,0.949,règlement,178.55519999999999,227.457984,152.98799999999994,1148.148,164.0279999999999,True,1
,2,603.84,995.16,0.949,0.949,0.949,20,443.52,455.77439999999996,152.98799999999994,1148.148,164.0279999999999,True,1
,2,603.84,995.16,0.949,0.949,0.949,juin,458.87663999999995,476.051568,152.98799999999994,1148.148,164.0279999999999,True,1
,2,603.84,995.16,0.949,0.949,0.949,2023,479.15380799999997,503.640528,152.98799999999994,1148.148,164.0279999999999,True,1
,2,603.84,995.16,0.949,0.949,0.949,Certificat,116.76,160.26201600000002,167.98799999999994,1163.148,179.0279999999999,True,1
,2,603.84,995.16,0.949,0.949,0.949,de,163.317888,175.57228800000001,167.98799999999994,1163.148,179.0279999999999,True,1
,2,603.84,995.16,0.949,0.949,0.949,conformité,178.549776,230.044752,167.98799999999994,1163.148,179.0279999999999,True,1
,2,603.84,995.16,0.949,0.949,0.949,de,233.03107199999997,245.16955199999995,167.98799999999994,1163.148,179.0279999999999,True,1
,2,603.84,995.16,0.949,0.949,0.949,la,248.27179199999995,256.8101279999999,167.98799999999994,1163.148,179.0279999999999,True,1
,2,603.84,995.16,0.949,0.949,0.949,MRC,259.9123679999999,284.8031519999999,167.98799999999994,1163.148,179.0279999999999,True,1
,2,603.84,995.16,0.949,0.949,0.949,Entrée,116.76,149.290464,182.98799999999994,1178.148,194.0279999999999,True,1
,2,603.84,995.16,0.949,0.949,0.949,en,152.392704,164.647104,182.98799999999994,1178.148,194.0279999999999,True,1
,2,603.84,995.16,0.949,0.949,0.949,vigueur,167.63342400000002,203.69779200000002,182.98799999999994,1178.148,194.0279999999999,True,1
,2,603.84,995.16,0.949,0.949,0.949,Signé,106.44336,134.658288,223.3012799999999,1218.46128,234.34127999999987,True,1
,2,603.84,995.16,0.949,0.949,0.949,à,137.760528,143.898768,223.3012799999999,1218.46128,234.34127999999987,True,1
,2,603.84,995.16,0.949,0.949,0.949,"Sainte-Adèle,",146.885088,212.93961599999997,223.3012799999999,1218.46128,234.34127999999987,True,1
,2,603.84,995.16,0.949,0.949,0.949,ce,215.994384,227.65262399999997,223.3012799999999,1218.46128,234.34127999999987,True,1
,2,603.84,995.16,0.949,0.949,0.949,___,230.661024,249.03158399999998,223.3012799999999,1218.46128,234.34127999999987,True,1
,2,603.84,995.16,0.949,0.949,0.949,e,252.12,255.98976000000002,222.10199999999998,1217.262,229.0619999999999,True,1
,2,603.84,995.16,0.949,0.949,0.949,jour,258.96288,277.39195199999995,223.308,1218.4679999999998,234.34799999999996,True,1
,2,603.84,995.16,0.949,0.949,0.949,du,280.434576,292.68897599999997,223.308,1218.4679999999998,234.34799999999996,True,1
,2,603.84,995.16,0.949,0.949,0.949,mois,295.669776,318.945408,223.308,1218.4679999999998,234.34799999999996,True,1
,2,603.84,995.16,0.949,0.949,0.949,de,322.07856,334.33295999999996,223.308,1218.4679999999998,234.34799999999996,True,1
,2,603.84,995.16,0.949,0.949,0.949,_______________,337.3248,428.97336,223.308,1218.4679999999998,234.34799999999996,True,1
,2,603.84,995.16,0.949,0.949,0.949,de,432.12528,444.37967999999995,223.308,1218.4679999999998,234.34799999999996,True,1
,2,603.84,995.16,0.949,0.949,0.949,l’an,447.48191999999995,464.53651199999996,223.308,1218.4679999999998,234.34799999999996,True,1
,2,603.84,995.16,0.949,0.949,0.949,2023.,467.53056,495.07536,223.308,1218.4679999999998,234.34799999999996,True,1
,2,603.84,995.16,0.949,0.949,0.949,__________________,106.45632000000003,216.59136,261.34079999999994,1256.5007999999998,272.3807999999999,True,1
,2,603.84,995.16,0.949,0.949,0.949,________________________,347.07312,493.9271999999999,261.34079999999994,1256.5007999999998,272.3807999999999,True,1
,2,603.84,995.16,0.949,0.949,0.949,Mme,106.46736000000001,130.84368,273.9374399999999,1269.09744,284.9774399999999,True,1
,2,603.84,995.16,0.949,0.949,0.949,Michèle,134.06184000000002,171.75571200000002,273.9374399999999,1269.09744,284.9774399999999,True,1
,2,603.84,995.16,0.949,0.949,0.949,Lalonde,174.857952,213.97708800000004,273.9374399999999,1269.09744,284.9774399999999,True,1
,2,603.84,995.16,0.949,0.949,0.949,Ariane,347.08416,378.893712,273.9374399999999,1269.09744,284.9774399999999,True,1
,2,603.84,995.16,0.949,0.949,0.949,Bélanger,382.00368000000003,425.98814400000003,273.9374399999999,1269.09744,284.9774399999999,True,1
,2,603.84,995.16,0.949,0.949,0.949,Mairesse,106.47840000000008,151.13630400000008,286.6555199999999,1281.8155199999999,297.6955199999999,True,1
,2,603.84,995.16,0.949,0.949,0.949,Greffière,347.0731200000001,390.06398400000006,286.6555199999999,1281.8155199999999,297.6955199999999,True,1
,2,603.84,995.16,0.949,0.949,0.949,adjointe,393.0326400000001,431.56224000000003,286.6555199999999,1281.8155199999999,297.6955199999999,True,1
,2,603.84,995.16,0.949,0.949,0.949,*********************************************,218.55648,411.1514879999999,311.84879999999987,1307.0087999999998,322.88879999999983,True,1
,2,603.84,995.16,0.949,0.949,0.949,CERTIFICAT,234.52031999999997,299.83406399999996,337.60511999999983,1332.7651199999998,348.6451199999998,True,1
,2,603.84,995.16,0.949,0.949,0.949,D’APPROBATION,302.9285759999999,395.27155200000004,337.60511999999983,1332.7651199999998,348.6451199999998,True,1
,2,603.84,995.16,0.949,0.949,0.949,RÈGLEMENT,234.38783999999998,303.53135999999995,362.9198399999998,1358.0798399999999,373.95983999999976,True,1
,2,603.84,995.16,0.949,0.949,0.949,1000-2008-PPC-2,306.51216,395.19648,362.9198399999998,1358.0798399999999,373.95983999999976,True,1
,2,603.84,995.16,0.949,0.949,0.949,En,106.44528000000003,119.90304000000002,387.79295999999977,1382.9529599999996,398.83295999999973,True,1
,2,603.84,995.16,0.949,0.949,0.949,vertu,123.00528000000003,147.49862400000004,387.79295999999977,1382.9529599999996,398.83295999999973,True,1
,2,603.84,995.16,0.949,0.949,0.949,de,150.60086400000006,162.85526400000003,387.79295999999977,1382.9529599999996,398.83295999999973,True,1
,2,603.84,995.16,0.949,0.949,0.949,l’article,165.84158400000004,200.05675200000007,387.79295999999977,1382.9529599999996,398.83295999999973,True,1
,2,603.84,995.16,0.949,0.949,0.949,357,203.15899200000007,221.52955200000005,387.79295999999977,1382.9529599999996,398.83295999999973,True,1
,2,603.84,995.16,0.949,0.949,0.949,de,224.39112,236.64552,387.79295999999977,1382.9529599999996,398.83295999999973,True,1
,2,603.84,995.16,0.949,0.949,0.949,la,239.74775999999997,248.286096,387.79295999999977,1382.9529599999996,398.83295999999973,True,1
,2,603.84,995.16,0.949,0.949,0.949,Loi,251.41041599999997,266.1013439999999,387.79295999999977,1382.9529599999996,398.83295999999973,True,1
,2,603.84,995.16,0.949,0.949,0.949,sur,269.16604799999993,284.36260799999985,387.79295999999977,1382.9529599999996,398.83295999999973,True,1
,2,603.84,995.16,0.949,0.949,0.949,les,287.5266719999999,301.5618239999999,387.79295999999977,1382.9529599999996,398.83295999999973,True,1
,2,603.84,995.16,0.949,0.949,0.949,cités,304.5647039999999,327.24086399999993,387.79295999999977,1382.9529599999996,398.83295999999973,True,1
,2,603.84,995.16,0.949,0.949,0.949,et,330.24263999999994,339.43233599999996,387.79295999999977,1382.9529599999996,398.83295999999973,True,1
,2,603.84,995.16,0.949,0.949,0.949,villes,342.3656639999999,366.714384,387.79295999999977,1382.9529599999996,398.83295999999973,True,1
,2,603.84,995.16,0.949,0.949,0.949,:,369.84864000000005,372.91776000000004,387.79295999999977,1382.9529599999996,398.83295999999973,True,1
,2,603.84,995.16,0.949,0.949,0.949,«,106.45632000000009,112.59456000000009,413.10767999999973,1408.2676799999997,424.1476799999997,True,1
,2,603.84,995.16,0.949,0.949,0.949,Règlement,115.69680000000008,168.91070400000007,413.10767999999973,1408.2676799999997,424.1476799999997,True,1
,2,603.84,995.16,0.949,0.949,0.949,1000-2008-PPC-2,173.04960000000005,261.62352000000004,413.10767999999973,1408.2676799999997,424.1476799999997,True,1
,2,603.84,995.16,0.949,0.949,0.949,amendant,265.79664,314.68728000000004,413.10767999999973,1408.2676799999997,424.1476799999997,True,1
,2,603.84,995.16,0.949,0.949,0.949,le,318.93768000000006,327.4760160000001,413.10767999999973,1408.2676799999997,424.1476799999997,True,1
,2,603.84,995.16,0.949,0.949,0.949,Règlement,331.67232,384.765888,413.10767999999973,1408.2676799999997,424.1476799999997,True,1
,2,603.84,995.16,0.949,0.949,0.949,numéro,389.01628800000003,426.34584,413.10767999999973,1408.2676799999997,424.1476799999997,True,1
,2,603.84,995.16,0.949,0.949,0.949,1000-2008-PPC,430.407456,509.31696000000005,413.10767999999973,1408.2676799999997,424.1476799999997,True,1
,2,603.84,995.16,0.949,0.949,0.949,relatif,106.42320000000007,133.36521600000006,425.7043199999997,1420.8643199999997,436.7443199999997,True,1
,2,603.84,995.16,0.949,0.949,0.949,aux,136.65624000000008,154.2915360000001,425.7043199999997,1420.8643199999997,436.7443199999997,True,1
,2,603.84,995.16,0.949,0.949,0.949,projets,157.5317760000001,190.5237120000001,425.7043199999997,1420.8643199999997,436.7443199999997,True,1
,2,603.84,995.16,0.949,0.949,0.949,particuliers,193.6436160000001,246.78796800000003,425.7043199999997,1420.8643199999997,436.7443199999997,True,1
,2,603.84,995.16,0.949,0.949,0.949,de,250.027104,262.281504,425.7043199999997,1420.8643199999997,436.7443199999997,True,1
,2,603.84,995.16,0.949,0.949,0.949,"construction,",265.3826399999999,327.71337600000004,425.7043199999997,1420.8643199999997,436.7443199999997,True,1
,2,603.84,995.16,0.949,0.949,0.949,de,331.00329600000003,343.14177600000005,425.7043199999997,1420.8643199999997,436.7443199999997,True,1
,2,603.84,995.16,0.949,0.949,0.949,modification,346.2396000000001,405.0419520000002,425.7043199999997,1420.8643199999997,436.7443199999997,True,1
,2,603.84,995.16,0.949,0.949,0.949,ou,408.2601120000002,420.51451200000025,425.7043199999997,1420.8643199999997,436.7443199999997,True,1
,2,603.84,995.16,0.949,0.949,0.949,d’occupation,423.6156480000003,485.2950240000001,425.7043199999997,1420.8643199999997,436.7443199999997,True,1
,2,603.84,995.16,0.949,0.949,0.949,d’un,488.513184,509.16792,425.7043199999997,1420.8643199999997,436.7443199999997,True,1
,2,603.84,995.16,0.949,0.949,0.949,immeuble,106.42320000000007,154.18996800000008,438.3009599999997,1433.4609599999997,449.34095999999965,True,1
,2,603.84,995.16,0.949,0.949,0.949,sur,157.29220800000007,172.48766400000008,438.3009599999997,1433.4609599999997,449.34095999999965,True,1
,2,603.84,995.16,0.949,0.949,0.949,le,175.6561440000001,184.19448000000008,438.3009599999997,1433.4609599999997,449.34095999999965,True,1
,2,603.84,995.16,0.949,0.949,0.949,territoire,187.17196800000008,227.62694400000004,438.3009599999997,1433.4609599999997,449.34095999999965,True,1
,2,603.84,995.16,0.949,0.949,0.949,de,230.61216000000005,242.86656000000005,438.3009599999997,1433.4609599999997,449.34095999999965,True,1
,2,603.84,995.16,0.949,0.949,0.949,la,245.96880000000002,254.507136,438.3009599999997,1433.4609599999997,449.34095999999965,True,1
,2,603.84,995.16,0.949,0.949,0.949,Ville,257.609376,278.26742399999995,438.3009599999997,1433.4609599999997,449.34095999999965,True,1
,2,603.84,995.16,0.949,0.949,0.949,de,281.36966399999994,293.624064,438.3009599999997,1433.4609599999997,449.34095999999965,True,1
,2,603.84,995.16,0.949,0.949,0.949,Sainte-Adèle,296.72078400000004,359.51299200000005,438.3009599999997,1433.4609599999997,449.34095999999965,True,1
,2,603.84,995.16,0.949,0.949,0.949,»,362.62848,368.76672,438.3009599999997,1433.4609599999997,449.34095999999965,True,1
,2,603.84,995.16,0.949,0.949,0.949,Par,200.29632000000018,217.40832000000017,468.74927999999943,1463.9092799999994,479.7892799999994,True,1
,2,603.84,995.16,0.949,0.949,0.949,le,220.57569600000016,229.11403200000018,468.74927999999943,1463.9092799999994,479.7892799999994,True,1
,2,603.84,995.16,0.949,0.949,0.949,conseil,232.21627200000017,266.4557280000002,468.74927999999943,1463.9092799999994,479.7892799999994,True,1
,2,603.84,995.16,0.949,0.949,0.949,2023,423.7348800000001,448.2216000000001,467.78879999999947,1462.9487999999994,478.82879999999943,True,1
,2,603.84,995.16,0.949,0.949,0.949,____________________,106.43424000000005,228.8016,599.0764799999995,1594.2364799999996,610.1164799999995,True,1
,2,603.84,995.16,0.949,0.949,0.949,_________________________,347.05104000000006,500.02127999999993,599.0764799999995,1594.2364799999996,610.1164799999995,True,1
,2,603.84,995.16,0.949,0.949,0.949,Mme,106.45632000000009,130.83264000000008,611.7945599999995,1606.9545599999994,622.8345599999996,True,1
,2,603.84,995.16,0.949,0.949,0.949,Michèle,134.0508000000001,171.7446720000001,611.7945599999995,1606.9545599999994,622.8345599999996,True,1
,2,603.84,995.16,0.949,0.949,0.949,Lalonde,174.8469120000001,213.96604800000011,611.7945599999995,1606.9545599999994,622.8345599999996,True,1
,2,603.84,995.16,0.949,0.949,0.949,Ariane,347.0731200000001,378.88267200000007,611.7945599999995,1606.9545599999994,622.8345599999996,True,1
,2,603.84,995.16,0.949,0.949,0.949,Bélanger,381.9926400000001,425.9771040000001,611.7945599999995,1606.9545599999994,622.8345599999996,True,1
,2,603.84,995.16,0.949,0.949,0.949,Mairesse,106.46736000000016,151.12526400000016,624.3911999999995,1619.5511999999994,635.4311999999995,True,1
,2,603.84,995.16,0.949,0.949,0.949,Greffière,347.06208000000015,390.05294400000014,624.3911999999995,1619.5511999999994,635.4311999999995,True,1
,2,603.84,995.16,0.949,0.949,0.949,adjointe,393.02160000000015,431.5478880000001,624.3911999999995,1619.5511999999994,635.4311999999995,True,1
,2,603.84,995.16,0.949,0.949,0.949,2,519.6,524.604,946.245,1941.405,955.245,True,1
O,2,603.84,995.16,0.949,0.949,0.949,Règlement,83.16,119.71788,966.97056,1962.13056,975.0105599999999,True,1
O,2,603.84,995.16,0.949,0.949,0.949,1000-2008-PPC-2,121.44,182.89416,966.97056,1962.13056,975.0105599999999,True,1
O,2,603.84,995.16,0.949,0.949,0.949,(Avis,184.560048,202.0575,966.97056,1962.13056,975.0105599999999,True,1
O,2,603.84,995.16,0.949,0.949,0.949,de,203.760372,212.12358,966.97056,1962.13056,975.0105599999999,True,1
O,2,603.84,995.16,0.949,0.949,0.949,motion,213.959916,238.60734,966.97056,1962.13056,975.0105599999999,True,1
O,2,603.84,995.16,0.949,0.949,0.949,–,240.24,244.26000000000002,966.97056,1962.13056,975.0105599999999,True,1
O,2,603.84,995.16,0.949,0.949,0.949,15,246.0,254.893848,966.97056,1962.13056,975.0105599999999,True,1
O,2,603.84,995.16,0.949,0.949,0.949,mai,256.56,269.354856,966.97056,1962.13056,975.0105599999999,True,1
O,2,603.84,995.16,0.949,0.949,0.949,2023),271.200036,291.91188,966.97056,1962.13056,975.0105599999999,True,1
