page,tag,text,x0,x1,top,doctop,bottom,upright,direction
0,,CODIFICATION,204.35856,283.87084799999997,160.98720000000003,160.98720000000003,172.0272,True,1
0,,ADMINISTRATIVE,287.03712,380.205888,160.98720000000003,160.98720000000003,172.0272,True,1
0,,Mise,87.72,110.89847999999999,211.188,211.188,222.22799999999995,True,1
0,,en,113.99630400000001,126.250704,211.188,211.188,222.22799999999995,True,1
0,,garde,129.231504,157.56235200000003,211.188,211.188,222.22799999999995,True,1
0,,Le,87.72,99.97439999999999,236.38464,236.38464,247.42463999999995,True,1
0,,lecteur,102.83376,135.897456,236.38464,236.38464,247.42463999999995,True,1
0,,est,138.82305600000004,153.40800000000004,236.38464,236.38464,247.42463999999995,True,1
0,,par,156.34022400000003,172.24886400000005,236.38464,236.38464,247.42463999999995,True,1
0,,les,175.05302400000008,189.0892800000001,236.38464,236.38464,247.42463999999995,True,1
0,,présentes,191.97182400000008,240.31598400000001,236.38464,236.38464,247.42463999999995,True,1
0,,avisé,243.19742399999998,268.77158399999996,236.38464,236.38464,247.42463999999995,True,1
0,,que,271.63094399999994,290.12515199999996,236.38464,236.38464,247.42463999999995,True,1
0,,toute,292.863072,317.47344,236.38464,236.38464,247.42463999999995,True,1
0,,erreur,320.21688000000006,349.56120000000004,236.38464,236.38464,247.42463999999995,True,1
0,,ou,352.48680000000013,364.74120000000005,236.38464,236.38464,247.42463999999995,True,1
0,,omission,367.6005600000001,410.9347680000002,236.38464,236.38464,247.42463999999995,True,1
0,,qui,413.6726880000002,428.47953600000017,236.38464,236.38464,247.42463999999995,True,1
0,,pourrait,431.31019200000026,468.5679839999999,236.38464,236.38464,247.42463999999995,True,1
0,,être,471.5002079999998,490.47907199999963,236.38464,236.38464,247.42463999999995,True,1
0,,relevée,87.72,123.72806399999999,249.10271999999998,249.10271999999998,260.14271999999994,True,1
0,,dans,126.587424,150.45590400000003,249.10271999999998,249.10271999999998,260.14271999999994,True,1
0,,le,153.33734400000003,161.87568000000002,249.10271999999998,249.10271999999998,260.14271999999994,True,1
0,,texte,164.61912,188.514096,249.10271999999998,249.10271999999998,260.14271999999994,True,1
0,,ci-après,191.25643200000002,230.39544000000004,249.10271999999998,249.10271999999998,260.14271999999994,True,1
0,,n'a,233.15544,247.569264,249.10271999999998,249.10271999999998,260.14271999999994,True,1
0,,pas,250.312704,268.065024,249.10271999999998,249.10271999999998,260.14271999999994,True,1
0,,pour,270.82612800000004,292.850928,249.10271999999998,249.10271999999998,260.14271999999994,True,1
0,,effet,295.65619200000003,316.964496,249.10271999999998,249.10271999999998,260.14271999999994,True,1
0,,de,319.80288,331.94136000000003,249.10271999999998,249.10271999999998,260.14271999999994,True,1
0,,diminuer,334.80072,376.982352,249.10271999999998,249.10271999999998,260.14271999999994,True,1
0,,le,379.787616,388.32484800000003,249.10271999999998,249.10271999999998,260.14271999999994,True,1
0,,caractère,391.06828800000005,437.035536,249.10271999999998,249.10271999999998,260.14271999999994,True,1
0,,exécutoire,439.778976,490.4249759999999,249.10271999999998,249.10271999999998,260.14271999999994,True,1
0,,des,87.72000000000006,105.47232000000005,261.69935999999996,261.69935999999996,272.7393599999999,True,1
0,,règlements,109.07136000000006,163.5438240000001,261.69935999999996,261.69935999999996,272.7393599999999,True,1
0,,et,167.02252800000008,176.0907840000001,261.69935999999996,261.69935999999996,272.7393599999999,True,1
0,,"amendements,",179.7417120000001,252.39263999999997,261.69935999999996,261.69935999999996,272.7393599999999,True,1
0,,tels,255.92212799999996,273.078288,261.69935999999996,261.69935999999996,272.7393599999999,True,1
0,,que,276.438864,294.93307200000004,261.69935999999996,261.69935999999996,272.7393599999999,True,1
0,,sanctionnés,298.5100320000001,357.05073600000014,261.69935999999996,261.69935999999996,272.7393599999999,True,1
0,,dans,360.6497760000002,384.5182560000003,261.69935999999996,261.69935999999996,272.7393599999999,True,1
0,,leur,387.9980640000002,406.30680000000035,261.69935999999996,261.69935999999996,272.7393599999999,True,1
0,,version,409.8296640000003,445.2393600000004,261.69935999999996,261.69935999999996,272.7393599999999,True,1
0,,originale,448.69708800000024,490.34327999999994,261.69935999999996,261.69935999999996,272.7393599999999,True,1
0,,disponible,87.72000000000006,137.15932800000007,274.41743999999994,274.41743999999994,285.4574399999999,True,1
0,,au,140.25604800000008,152.51044800000005,274.41743999999994,274.41743999999994,285.4574399999999,True,1
0,,Service,155.61268800000008,192.22684800000007,274.41743999999994,274.41743999999994,285.4574399999999,True,1
0,,du,195.32908800000004,207.58348800000005,274.41743999999994,274.41743999999994,285.4574399999999,True,1
0,,greffe.,210.44505600000002,241.71475199999998,274.41743999999994,274.41743999999994,285.4574399999999,True,1
0,,Pour,244.76951999999997,267.9976799999999,274.41743999999994,274.41743999999994,285.4574399999999,True,1
0,,vérifier,271.0458239999999,303.99912,274.41743999999994,274.41743999999994,285.4574399999999,True,1
0,,les,307.16208000000006,321.19833600000004,274.41743999999994,274.41743999999994,285.4574399999999,True,1
0,,dispositions,324.2023200000001,381.5473920000002,274.41743999999994,274.41743999999994,285.4574399999999,True,1
0,,"applicables,",384.6717120000002,442.67808000000036,274.41743999999994,274.41743999999994,285.4574399999999,True,1
0,,le,445.8531840000003,454.27228800000034,274.41743999999994,274.41743999999994,285.4574399999999,True,1
0,,lecteur,457.37452800000017,490.32451199999997,274.41743999999994,274.41743999999994,285.4574399999999,True,1
0,,pourra,87.72000000000006,119.64657600000005,287.0140799999999,287.0140799999999,298.0540799999999,True,1
0,,consulter,122.63289600000006,167.2179360000001,287.0140799999999,287.0140799999999,298.0540799999999,True,1
0,,le,170.38531200000008,178.92364800000007,287.0140799999999,287.0140799999999,298.0540799999999,True,1
0,,texte,181.90224000000006,205.79721600000005,287.0140799999999,287.0140799999999,298.0540799999999,True,1
0,,officiel,208.77470400000004,240.02231999999998,287.0140799999999,287.0140799999999,298.0540799999999,True,1
0,,au,243.09585599999997,255.35025599999994,287.0140799999999,287.0140799999999,298.0540799999999,True,1
0,,Service,258.45249599999994,294.950736,287.0140799999999,287.0140799999999,298.0540799999999,True,1
0,,du,298.05297600000006,310.3073760000001,287.0140799999999,287.0140799999999,298.0540799999999,True,1
0,,greffe,313.2848640000001,341.658768,287.0140799999999,287.0140799999999,298.0540799999999,True,1
0,,de,344.645088,356.899488,287.0140799999999,287.0140799999999,298.0540799999999,True,1
0,,la,360.001728,368.54006400000003,287.0140799999999,287.0140799999999,298.0540799999999,True,1
0,,ville,371.642304,390.38049600000005,287.0140799999999,287.0140799999999,298.0540799999999,True,1
0,,de,393.48273600000005,405.737136,287.0140799999999,287.0140799999999,298.0540799999999,True,1
0,,Sainte-Adèle.,408.839376,474.777984,287.0140799999999,287.0140799999999,298.0540799999999,True,1
0,,La,87.72000000000008,99.97440000000007,312.3287999999999,312.3287999999999,323.36879999999985,True,1
0,,"mention,",103.55136000000009,145.7506560000001,312.3287999999999,312.3287999999999,323.36879999999985,True,1
0,,à,149.27904000000007,155.41728000000006,312.3287999999999,312.3287999999999,323.36879999999985,True,1
0,,la,158.87390400000007,167.41224000000005,312.3287999999999,312.3287999999999,323.36879999999985,True,1
0,,fin,170.87107200000008,182.65737600000006,312.3287999999999,312.3287999999999,323.36879999999985,True,1
0,,d’un,186.11841600000008,206.88907200000006,312.3287999999999,312.3287999999999,323.36879999999985,True,1
0,,"article,",210.23088000000007,242.69179200000008,312.3287999999999,312.3287999999999,323.36879999999985,True,1
0,,d’un,246.2212800000001,266.9919360000001,312.3287999999999,312.3287999999999,323.36879999999985,True,1
0,,numéro,270.5688960000001,307.900656,312.3287999999999,312.3287999999999,323.36879999999985,True,1
0,,séquentiel,311.36059200000005,361.432512,312.3287999999999,312.3287999999999,323.36879999999985,True,1
0,,de,364.980768,377.23516800000004,312.3287999999999,312.3287999999999,323.36879999999985,True,1
0,,règlement,380.6928960000001,429.59568000000013,312.3287999999999,312.3287999999999,323.36879999999985,True,1
0,,indique,433.1472480000001,468.6861120000001,312.3287999999999,312.3287999999999,323.36879999999985,True,1
0,,que,472.02019200000007,490.39406400000007,312.3287999999999,312.3287999999999,323.36879999999985,True,1
0,,le,87.72000000000008,96.25833600000009,324.92543999999987,324.92543999999987,335.96543999999983,True,1
0,,règlement,99.36057600000008,148.3792800000001,324.92543999999987,324.92543999999987,335.96543999999983,True,1
0,,original,151.4340480000001,186.8735520000001,324.92543999999987,324.92543999999987,335.96543999999983,True,1
0,,a,189.96916800000008,196.10740800000008,324.92543999999987,324.92543999999987,335.96543999999983,True,1
0,,fait,199.08489600000007,213.67425600000007,324.92543999999987,324.92543999999987,335.96543999999983,True,1
0,,l’objet,216.84936000000008,245.58648000000005,324.92543999999987,324.92543999999987,335.96543999999983,True,1
0,,d'une,248.64124800000005,275.28739200000007,324.92543999999987,324.92543999999987,335.96543999999983,True,1
0,,ou,278.27371200000005,290.5281120000001,324.92543999999987,324.92543999999987,335.96543999999983,True,1
0,,plusieurs,293.63035200000013,337.5386400000002,324.92543999999987,324.92543999999987,335.96543999999983,True,1
0,,modifications,340.5393120000003,404.8395840000004,324.92543999999987,324.92543999999987,335.96543999999983,True,1
0,,dont,407.8446720000004,429.2622720000005,324.92543999999987,324.92543999999987,335.96543999999983,True,1
0,,la,432.3181440000005,440.8564800000005,324.92543999999987,324.92543999999987,335.96543999999983,True,1
0,,référence,443.9587200000005,490.52544000000006,324.92543999999987,324.92543999999987,335.96543999999983,True,1
0,,est,87.72000000000008,102.42528000000009,337.64351999999985,337.64351999999985,348.6835199999998,True,1
0,,alors,105.60148800000007,129.3540480000001,337.64351999999985,337.64351999999985,348.6835199999998,True,1
0,,précisée,132.4783680000001,174.0097440000001,337.64351999999985,337.64351999999985,348.6835199999998,True,1
0,,"(règlement,",177.0004800000001,226.1763,337.64351999999985,337.64351999999985,348.6835199999998,True,1
0,,article).,228.71429999999998,261.90816,337.668,337.668,348.70799999999997,True,1
0,,RÈGLEMENT,87.71904000000004,156.86145600000006,388.6175999999999,388.6175999999999,399.6575999999999,True,1
0,,1290,159.84336000000002,184.33008,388.6175999999999,388.6175999999999,399.6575999999999,True,1
0,,CONCERNANT,87.72,158.6103,413.78495999999996,413.78495999999996,423.74496,True,1
0,,LES,161.5236,181.006356,413.78495999999996,413.78495999999996,423.74496,True,1
0,,TERRASSES,183.72244799999999,244.96848,413.78495999999996,413.78495999999996,423.74496,True,1
0,,Règlement,87.72,140.937216,450.33791999999994,450.33791999999994,461.3779199999999,True,1
0,,"1290,",144.12336,171.55775999999997,450.33791999999994,450.33791999999994,461.3779199999999,True,1
0,,adopté,174.73286399999998,208.33862399999998,450.33791999999994,450.33791999999994,461.3779199999999,True,1
0,,le,211.324944,219.86327999999997,450.33791999999994,450.33791999999994,461.3779199999999,True,1
0,,20,222.9876,235.242,450.33791999999994,450.33791999999994,461.3779199999999,True,1
0,,avril,238.34424,258.43152000000003,450.33791999999994,450.33791999999994,461.3779199999999,True,1
0,,"2020,",261.505056,289.06089599999996,450.33791999999994,450.33791999999994,461.3779199999999,True,1
0,,entré,292.116768,317.2073759999999,450.33791999999994,450.33791999999994,461.3779199999999,True,1
0,,en,320.3096159999999,332.44809599999985,450.33791999999994,450.33791999999994,461.3779199999999,True,1
0,,vigueur,335.55033599999985,371.6147039999999,450.33791999999994,450.33791999999994,461.3779199999999,True,1
0,,le,374.8052639999999,383.3435999999999,450.33791999999994,450.33791999999994,461.3779199999999,True,1
0,,22,386.32991999999996,398.58431999999993,450.33791999999994,450.33791999999994,461.3779199999999,True,1
0,,avril,401.68656,421.77384000000006,450.33791999999994,450.33791999999994,461.3779199999999,True,1
0,,2020.,424.84737600000005,452.2652160000002,450.33791999999994,450.33791999999994,461.3779199999999,True,1
0,,Amendé,87.73103999999995,128.77775999999994,475.6526399999999,475.6526399999999,486.69263999999987,True,1
0,,par,131.87999999999997,147.67271999999997,475.6526399999999,475.6526399999999,486.69263999999987,True,1
0,,les,150.84119999999996,164.877456,475.6526399999999,475.6526399999999,486.69263999999987,True,1
0,,règlements,167.87702399999998,222.3505919999999,475.6526399999999,475.6526399999999,486.69263999999987,True,1
0,,suivants,225.47491199999988,265.7830559999998,475.6526399999999,475.6526399999999,486.69263999999987,True,1
0,,:,268.7826239999998,271.8517439999998,475.6526399999999,475.6526399999999,486.69263999999987,True,1
0,,•,105.72623999999992,110.80463999999992,500.5257599999999,500.5257599999999,511.5657599999999,True,1
0,,"1290-1,",123.73247999999992,161.11391999999992,501.6849599999999,501.6849599999999,512.7249599999999,True,1
0,,adopté,164.16868799999992,197.89147199999994,501.6849599999999,501.6849599999999,512.7249599999999,True,1
0,,le,200.87779199999994,209.41612799999993,501.6849599999999,501.6849599999999,512.7249599999999,True,1
0,,19,212.5271999999999,224.7815999999999,501.6849599999999,501.6849599999999,512.7249599999999,True,1
0,,juillet,227.7623999999999,252.7845599999999,501.6849599999999,501.6849599999999,512.7249599999999,True,1
0,,"2021,",255.95524799999993,283.3929599999999,501.6849599999999,501.6849599999999,512.7249599999999,True,1
0,,entré,286.5680639999999,311.6619839999999,501.6849599999999,501.6849599999999,512.7249599999999,True,1
0,,en,314.64830399999994,326.9027039999999,501.6849599999999,501.6849599999999,512.7249599999999,True,1
0,,vigueur,330.0049439999999,365.9533919999999,501.6849599999999,501.6849599999999,512.7249599999999,True,1
0,,le,369.0015359999999,377.5398719999999,501.6849599999999,501.6849599999999,512.7249599999999,True,1
0,,21,380.6641919999999,392.9185919999999,501.6849599999999,501.6849599999999,512.7249599999999,True,1
0,,juillet,395.89939199999986,420.9215519999998,501.6849599999999,501.6849599999999,512.7249599999999,True,1
0,,2021.,424.09223999999983,451.62599999999975,501.6849599999999,501.6849599999999,512.7249599999999,True,1
0,,Codification,45.12,87.02448,975.813,975.813,983.853,True,1
0,,administrative,89.27568,138.61957200000003,975.813,975.813,983.853,True,1
0,,(au,140.87077200000004,152.41942800000004,975.813,975.813,983.853,True,1
0,,1290-1),154.70278800000006,182.07336,975.813,975.813,983.853,True,1
0,,Page,485.99339999999995,504.73946399999994,975.813,975.813,983.853,True,1
0,,1,506.99387999999993,511.4641199999999,975.813,975.813,983.853,True,1
1,,LE,87.72,101.803728,45.79103999999995,1053.79104,56.831039999999916,True,1
1,,CONSEIL,107.880144,156.856896,45.79103999999995,1053.79104,56.831039999999916,True,1
1,,MUNICIPAL,162.711408,223.56499199999993,45.79103999999995,1053.79104,56.831039999999916,True,1
1,,décrète,229.67232,268.922832,45.79103999999995,1053.79104,56.831039999999916,True,1
1,,qu’il,275.02132800000004,297.65664000000004,45.79103999999995,1053.79104,56.831039999999916,True,1
1,,soit,303.707664,323.224176,45.79103999999995,1053.79104,56.831039999999916,True,1
1,,statué,329.14713600000005,361.679808,45.79103999999995,1053.79104,56.831039999999916,True,1
1,,et,367.66128,377.45375999999993,45.79103999999995,1053.79104,56.831039999999916,True,1
1,,ordonné,383.497056,427.4484,45.79103999999995,1053.79104,56.831039999999916,True,1
1,,par,433.54579200000006,450.5562240000001,45.79103999999995,1053.79104,56.831039999999916,True,1
1,,le,456.5807520000002,465.84000000000015,45.79103999999995,1053.79104,56.831039999999916,True,1
1,,présent,471.8214720000002,511.48929600000025,45.79103999999995,1053.79104,56.831039999999916,True,1
1,,règlement,87.70896000000002,140.33774400000004,58.38767999999993,1066.3876799999998,69.4276799999999,True,1
1,,ce,143.50512000000003,155.75952,58.38767999999993,1066.3876799999998,69.4276799999999,True,1
1,,qui,158.74473600000005,175.26057600000001,58.38767999999993,1066.3876799999998,69.4276799999999,True,1
1,,suit,178.316448,197.82964800000002,58.38767999999993,1066.3876799999998,69.4276799999999,True,1
1,,:,200.86896000000002,204.54528000000002,58.38767999999993,1066.3876799999998,69.4276799999999,True,1
1,,Article,87.72,124.99199999999999,84.07199999999989,1092.072,96.07199999999989,True,1
1,,1,131.76,138.432,84.07199999999989,1092.072,96.07199999999989,True,1
1,,Définition,172.68,223.58875200000003,84.67103999999995,1092.67104,95.71103999999991,True,1
1,,TERRASSES,87.72720000000004,154.84819200000004,109.8643199999999,1117.86432,120.90431999999987,True,1
1,,:,157.93056,160.99968,109.3012799999999,1117.30128,120.34127999999987,True,1
1,,Est,186.73392,202.64256,109.3012799999999,1117.30128,120.34127999999987,True,1
1,,considérée,206.17204800000002,260.05056,109.3012799999999,1117.30128,120.34127999999987,True,1
1,,comme,263.39016000000004,299.528496,109.3012799999999,1117.30128,120.34127999999987,True,1
1,,une,302.86809600000004,321.12273600000003,109.3012799999999,1117.30128,120.34127999999987,True,1
1,,terrasse,324.578256,364.42823999999996,109.3012799999999,1117.30128,120.34127999999987,True,1
1,,la,367.76784,376.30617599999994,109.3012799999999,1117.30128,120.34127999999987,True,1
1,,partie,379.76169600000003,407.2524000000001,109.3012799999999,1117.30128,120.34127999999987,True,1
1,,d'un,410.70792000000006,431.2379040000001,109.3012799999999,1117.30128,120.34127999999987,True,1
1,,trottoir,434.57750400000015,465.72907200000014,109.3012799999999,1117.30128,120.34127999999987,True,1
1,,ou,469.2497280000002,481.5041280000002,109.3012799999999,1117.30128,120.34127999999987,True,1
1,,d'une,484.95964800000024,511.37395200000026,109.3012799999999,1117.30128,120.34127999999987,True,1
1,,avenue,186.73392,222.737568,122.1407999999999,1130.1408,133.18079999999986,True,1
1,,permanente,225.59692800000002,284.39596800000004,122.1407999999999,1130.1408,133.18079999999986,True,1
1,,ou,287.138304,299.392704,122.1407999999999,1130.1408,133.18079999999986,True,1
1,,"non,",302.13614399999994,323.4378239999999,122.1407999999999,1130.1408,133.18079999999986,True,1
1,,et,326.3700479999999,335.4394079999999,122.1407999999999,1130.1408,133.18079999999986,True,1
1,,où,338.25239999999985,350.5067999999999,122.1407999999999,1130.1408,133.18079999999986,True,1
1,,sont,353.25023999999985,374.0716799999999,122.1407999999999,1130.1408,133.18079999999986,True,1
1,,disposées,376.88467199999985,426.310752,122.1407999999999,1130.1408,133.18079999999986,True,1
1,,des,429.07075199999997,446.823072,122.1407999999999,1130.1408,133.18079999999986,True,1
1,,tables,449.583072,478.97044800000003,122.1407999999999,1130.1408,133.18079999999986,True,1
1,,et,481.8518880000001,490.9201440000001,122.1407999999999,1130.1408,133.18079999999986,True,1
1,,des,493.73313600000006,511.3695360000001,122.1407999999999,1130.1408,133.18079999999986,True,1
1,,chaises,186.73392,224.04249600000003,134.73743999999988,1142.7374399999999,145.77743999999984,True,1
1,,et,227.403072,236.47132800000003,134.73743999999988,1142.7374399999999,145.77743999999984,True,1
1,,autres,239.88268800000003,270.359712,134.73743999999988,1142.7374399999999,145.77743999999984,True,1
1,,éléments,273.71918400000004,318.24792,134.73743999999988,1142.7374399999999,145.77743999999984,True,1
1,,de,321.487056,333.741456,134.73743999999988,1142.7374399999999,145.77743999999984,True,1
1,,mobiliers.,336.95961600000004,384.055152,134.73743999999988,1142.7374399999999,145.77743999999984,True,1
1,,La,387.346176,399.600576,134.73743999999988,1142.7374399999999,145.77743999999984,True,1
1,,terrasse,402.823152,442.560528,134.73743999999988,1142.7374399999999,145.77743999999984,True,1
1,,est,445.8979199999999,460.48286399999995,134.73743999999988,1142.7374399999999,145.77743999999984,True,1
1,,adjacente,463.77388799999994,511.53182400000003,134.73743999999988,1142.7374399999999,145.77743999999984,True,1
1,,à,186.73392,192.87216,147.45551999999986,1155.45552,158.49551999999983,True,1
1,,un,195.73152000000002,207.98592000000002,147.45551999999986,1155.45552,158.49551999999983,True,1
1,,bâtiment,210.72825600000002,252.90657600000003,147.45551999999986,1155.45552,158.49551999999983,True,1
1,,qui,255.59702400000003,270.40387200000004,147.45551999999986,1155.45552,158.49551999999983,True,1
1,,longe,273.23452800000007,300.129072,147.45551999999986,1155.45552,158.49551999999983,True,1
1,,un,302.871408,315.00988799999993,147.45551999999986,1155.45552,158.49551999999983,True,1
1,,établissement,317.86924799999997,385.71998399999995,147.45551999999986,1155.45552,158.49551999999983,True,1
1,,situé,388.5318719999999,411.8262719999999,147.45551999999986,1155.45552,158.49551999999983,True,1
1,,au,414.569712,426.82411199999996,147.45551999999986,1155.45552,158.49551999999983,True,1
1,,rez-de-chaussée,429.44611199999997,511.58481600000005,147.45551999999986,1155.45552,158.49551999999983,True,1
1,,où,186.74496000000005,198.99936000000005,160.05215999999984,1168.0521599999997,171.0921599999998,True,1
1,,l'on,202.10160000000005,218.91552000000004,160.05215999999984,1168.0521599999997,171.0921599999998,True,1
1,,sert,222.01776000000007,240.32760000000007,160.05215999999984,1168.0521599999997,171.0921599999998,True,1
1,,de,243.38236800000007,255.63676800000007,160.05215999999984,1168.0521599999997,171.0921599999998,True,1
1,,la,258.62198400000005,267.16032000000007,160.05215999999984,1168.0521599999997,171.0921599999998,True,1
1,,nourriture,270.26256000000006,317.30952,160.05215999999984,1168.0521599999997,171.0921599999998,True,1
1,,et/ou,320.41176,344.906208,160.05215999999984,1168.0521599999997,171.0921599999998,True,1
1,,des,347.89252799999997,365.6448479999999,160.05215999999984,1168.0521599999997,171.0921599999998,True,1
1,,boissons,368.770272,412.07908800000007,160.05215999999984,1168.0521599999997,171.0921599999998,True,1
1,,alcoolisées,415.2034080000001,469.42416000000026,160.05215999999984,1168.0521599999997,171.0921599999998,True,1
1,,ou,472.54848000000027,484.8028800000003,160.05215999999984,1168.0521599999997,171.0921599999998,True,1
1,,non.,487.90512000000035,509.3227200000004,160.05215999999984,1168.0521599999997,171.0921599999998,True,1
1,,Nonobstant,87.73824000000008,144.0643200000001,185.3668799999998,1193.3668799999998,196.40687999999977,True,1
1,,les,146.6322240000001,160.66737600000013,185.3668799999998,1193.3668799999998,196.40687999999977,True,1
1,,modalités,163.06747200000012,210.2115840000001,185.3668799999998,1193.3668799999998,196.40687999999977,True,1
1,,du,212.60836800000004,224.86276800000005,185.3668799999998,1193.3668799999998,196.40687999999977,True,1
1,,règlement,227.357808,276.258384,185.3668799999998,1193.3668799999998,196.40687999999977,True,1
1,,sur,278.826288,294.022848,185.3668799999998,1193.3668799999998,196.40687999999977,True,1
1,,l’occupation,296.583024,354.54523200000017,185.3668799999998,1193.3668799999998,196.40687999999977,True,1
1,,du,357.0402720000002,369.2946720000002,185.3668799999998,1193.3668799999998,196.40687999999977,True,1
1,,domaine,371.7897120000003,414.0320640000004,185.3668799999998,1193.3668799999998,196.40687999999977,True,1
1,,"publique,",416.5271040000004,461.12760000000003,185.3668799999998,1193.3668799999998,196.40687999999977,True,1
1,,le,463.695504,472.23384000000004,185.3668799999998,1193.3668799999998,196.40687999999977,True,1
1,,présent,474.72888000000006,511.38609600000007,185.3668799999998,1193.3668799999998,196.40687999999977,True,1
1,,règlement,87.73824000000008,136.7547360000001,197.9635199999998,1205.9635199999998,209.00351999999975,True,1
1,,vient,140.0457600000001,163.1469600000001,197.9635199999998,1205.9635199999998,209.00351999999975,True,1
1,,autoriser,166.55832000000012,209.34273600000012,197.9635199999998,1205.9635199999998,209.00351999999975,True,1
1,,la,212.62713600000012,221.16547200000008,197.9635199999998,1205.9635199999998,209.00351999999975,True,1
1,,mise,224.50396800000007,247.80168000000006,197.9635199999998,1205.9635199999998,209.00351999999975,True,1
1,,en,251.14017600000005,263.39457600000003,197.9635199999998,1205.9635199999998,209.00351999999975,True,1
1,,place,266.6160480000001,292.9067040000001,197.9635199999998,1205.9635199999998,209.00351999999975,True,1
1,,de,296.2440960000001,308.49849600000016,197.9635199999998,1205.9635199999998,209.00351999999975,True,1
1,,terrasse,311.71665600000017,351.4474080000002,197.9635199999998,1205.9635199999998,209.00351999999975,True,1
1,,sur,354.78480000000025,370.09728000000024,197.9635199999998,1205.9635199999998,209.00351999999975,True,1
1,,le,373.3805760000003,381.9189120000003,197.9635199999998,1205.9635199999998,209.00351999999975,True,1
1,,domaine,385.25740800000034,427.49976000000044,197.9635199999998,1205.9635199999998,209.00351999999975,True,1
1,,public,430.83715200000046,459.2728800000003,197.9635199999998,1205.9635199999998,209.00351999999975,True,1
1,,et,462.63235200000037,471.8176320000003,197.9635199999998,1205.9635199999998,209.00351999999975,True,1
1,,énonce,475.22788800000023,511.35076799999996,197.9635199999998,1205.9635199999998,209.00351999999975,True,1
1,,les,87.73824000000008,101.77449600000007,210.68159999999978,1218.6816,221.72159999999974,True,1
1,,normes,104.89881600000007,141.6112320000001,210.68159999999978,1218.6816,221.72159999999974,True,1
1,,applicables,144.73555200000007,199.67169600000008,210.68159999999978,1218.6816,221.72159999999974,True,1
1,,à,202.79601600000007,208.93425600000006,210.68159999999978,1218.6816,221.72159999999974,True,1
1,,cet,211.91947200000007,226.62475200000006,210.68159999999978,1218.6816,221.72159999999974,True,1
1,,effet.,229.67952000000005,254.10331200000005,210.68159999999978,1218.6816,221.72159999999974,True,1
1,,Article,87.72,124.99199999999999,236.8320000000001,1244.832,248.8320000000001,True,1
1,,2,131.76,138.432,236.8320000000001,1244.832,248.8320000000001,True,1
1,,Une,87.72720000000001,107.901696,262.18272,1270.18272,273.22272,True,1
1,,terrasse,111.84297600000002,151.69406400000003,262.18272,1270.18272,273.22272,True,1
1,,doit,155.63534400000003,173.21654400000006,262.18272,1270.18272,273.22272,True,1
1,,être,177.23068800000004,196.205136,262.18272,1270.18272,273.22272,True,1
1,,sur,200.146416,215.33855999999997,262.18272,1270.18272,273.22272,True,1
1,,la,219.34497599999997,227.88331199999996,262.18272,1270.18272,273.22272,True,1
1,,voie,231.82459199999994,251.8787519999999,262.18272,1270.18272,273.22272,True,1
1,,"publique,",255.8200319999999,300.509952,262.18272,1270.18272,273.22272,True,1
1,,directement,304.524096,361.8194880000001,262.18272,1270.18272,273.22272,True,1
1,,adjacente,365.834736,413.47675200000015,262.18272,1270.18272,273.22272,True,1
1,,à,417.41803200000015,423.55627200000015,262.18272,1270.18272,273.22272,True,1
1,,un,427.49755200000016,439.7519520000002,262.18272,1270.18272,273.22272,True,1
1,,établissement,443.5762080000002,511.4269439999997,262.18272,1270.18272,273.22272,True,1
1,,faisant,87.72720000000001,120.18369600000001,274.9008,1282.9008,285.94079999999997,True,1
1,,affaire,123.59284800000003,154.20787200000004,274.9008,1282.9008,285.94079999999997,True,1
1,,sur,157.54636800000003,172.74182400000004,274.9008,1282.9008,285.94079999999997,True,1
1,,le,176.14324800000003,184.68158400000004,274.9008,1282.9008,285.94079999999997,True,1
1,,territoire,188.018976,228.3492,274.9008,1282.9008,285.94079999999997,True,1
1,,de,231.80472,244.05912,274.9008,1282.9008,285.94079999999997,True,1
1,,Sainte-Adèle.,247.39871999999997,313.38921600000003,274.9008,1282.9008,285.94079999999997,True,1
1,,Une,316.79726400000004,336.85584,274.9008,1282.9008,285.94079999999997,True,1
1,,terrasse,340.193232,380.04432,274.9008,1282.9008,285.94079999999997,True,1
1,,peut,383.38392000000005,404.80152,274.9008,1282.9008,285.94079999999997,True,1
1,,aussi,408.209568,433.81574399999994,274.9008,1282.9008,285.94079999999997,True,1
1,,être,437.24255999999997,456.10108799999995,274.9008,1282.9008,285.94079999999997,True,1
1,,aménagée,459.556608,511.4070720000001,274.9008,1282.9008,285.94079999999997,True,1
1,,sur,87.72720000000001,103.03968000000002,287.49744,1295.49744,298.53743999999995,True,1
1,,une,106.20816,124.57872,287.49744,1295.49744,298.53743999999995,True,1
1,,place,127.56504000000001,153.85569600000002,287.49744,1295.49744,298.53743999999995,True,1
1,,publique.,156.95793600000002,201.53193599999997,287.49744,1295.49744,298.53743999999995,True,1
1,,Une,87.72720000000001,107.901696,312.81215999999995,1320.81216,323.8521599999999,True,1
1,,terrasse,114.11721600000001,153.96720000000002,312.81215999999995,1320.81216,323.8521599999999,True,1
1,,ne,160.18272000000002,172.43712000000002,312.81215999999995,1320.81216,323.8521599999999,True,1
1,,peut,178.65264000000002,199.95431999999997,312.81215999999995,1320.81216,323.8521599999999,True,1
1,,être,206.124576,225.21825599999997,312.81215999999995,1320.81216,323.8521599999999,True,1
1,,aménagée,231.43377599999997,283.4001599999999,312.81215999999995,1320.81216,323.8521599999999,True,1
1,,dans,289.61568,313.48416000000003,312.81215999999995,1320.81216,323.8521599999999,True,1
1,,l’emprise,319.60142400000007,363.6532320000001,312.81215999999995,1320.81216,323.8521599999999,True,1
1,,d’une,369.8687520000002,396.75556800000027,312.81215999999995,1320.81216,323.8521599999999,True,1
1,,route,403.0848,428.17871999999994,312.81215999999995,1320.81216,323.8521599999999,True,1
1,,appartenant,434.39423999999997,492.99897599999997,312.81215999999995,1320.81216,323.8521599999999,True,1
1,,au,499.288464,511.42584,312.81215999999995,1320.81216,323.8521599999999,True,1
1,,gouvernement,87.72719999999998,158.092848,325.4087999999999,1333.4088,336.4487999999999,True,1
1,,du,161.26353600000004,173.51793600000002,325.4087999999999,1333.4088,336.4487999999999,True,1
1,,Québec.,176.38171200000002,217.95945599999993,325.4087999999999,1333.4088,336.4487999999999,True,1
1,,Une,87.72719999999998,107.90169599999997,350.7235199999999,1358.72352,361.76351999999986,True,1
1,,terrasse,115.56345599999999,155.29752,350.7235199999999,1358.72352,361.76351999999986,True,1
1,,sur,162.84336,178.15583999999998,350.7235199999999,1358.72352,361.76351999999986,True,1
1,,rue,185.63985599999998,201.61363199999997,350.7235199999999,1358.72352,361.76351999999986,True,1
1,,ne,209.03471999999994,221.2891199999999,350.7235199999999,1358.72352,361.76351999999986,True,1
1,,peut,228.9508799999999,250.25255999999987,350.7235199999999,1358.72352,361.76351999999986,True,1
1,,être,257.98718399999984,276.8457119999998,350.7235199999999,1358.72352,361.76351999999986,True,1
1,,implantée,284.5074719999999,332.033568,350.7235199999999,1358.72352,361.76351999999986,True,1
1,,qu’en,339.57168,366.58214400000014,350.7235199999999,1358.72352,361.76351999999986,True,1
1,,la,374.12798400000014,382.66632000000016,350.7235199999999,1358.72352,361.76351999999986,True,1
1,,présence,390.3280800000002,435.57441600000027,350.7235199999999,1358.72352,361.76351999999986,True,1
1,,de,442.9955040000003,455.24990400000024,350.7235199999999,1358.72352,361.76351999999986,True,1
1,,cases,462.91166400000014,491.70398400000005,350.7235199999999,1358.72352,361.76351999999986,True,1
1,,de,499.267488,511.521888,350.7235199999999,1358.72352,361.76351999999986,True,1
1,,"stationnement,",87.72719999999998,159.89236799999998,363.3201599999999,1371.3201599999998,374.36015999999984,True,1
1,,ou,162.824592,175.078992,363.3201599999999,1371.3201599999998,374.36015999999984,True,1
1,,d’un,177.938352,198.70900799999998,363.3201599999999,1371.3201599999998,374.36015999999984,True,1
1,,trottoir,201.44692799999999,232.71551999999997,363.3201599999999,1371.3201599999998,374.36015999999984,True,1
1,,face,235.39934399999999,256.41398399999997,363.3201599999999,1371.3201599999998,374.36015999999984,True,1
1,,au,259.15742399999993,271.4118239999999,363.3201599999999,1371.3201599999998,374.36015999999984,True,1
1,,commerce,274.27118399999995,325.64472,363.3201599999999,1371.3201599999998,374.36015999999984,True,1
1,,et,328.26671999999996,337.452,363.3201599999999,1371.3201599999998,374.36015999999984,True,1
1,,ne,340.384224,352.63862400000005,363.3201599999999,1371.3201599999998,374.36015999999984,True,1
1,,peut,355.49798400000003,376.87584,363.3201599999999,1371.3201599999998,374.36015999999984,True,1
1,,en,379.81248,392.06687999999997,363.3201599999999,1371.3201599999998,374.36015999999984,True,1
1,,aucun,394.81032,424.81704,363.3201599999999,1371.3201599999998,374.36015999999984,True,1
1,,cas,427.6764,444.715536,363.3201599999999,1371.3201599999998,374.36015999999984,True,1
1,,restreindre,447.47553600000003,500.15952,363.3201599999999,1371.3201599999998,374.36015999999984,True,1
1,,la,503.01887999999997,511.43688,363.3201599999999,1371.3201599999998,374.36015999999984,True,1
1,,circulation,87.72719999999998,137.293488,376.03823999999986,1384.0382399999999,387.0782399999998,True,1
1,,piétonne,140.395728,182.634768,376.03823999999986,1384.0382399999999,387.0782399999998,True,1
1,,ou,185.619984,197.87438399999996,376.03823999999986,1384.0382399999999,387.0782399999998,True,1
1,,automobile.,200.97662399999996,257.7873599999999,376.03823999999986,1384.0382399999999,387.0782399999998,True,1
1,,La,87.72719999999998,99.98491199999998,401.3529599999998,1409.3529599999997,412.3929599999998,True,1
1,,Ville,104.89108799999998,125.53588799999999,401.3529599999998,1409.3529599999997,412.3929599999998,True,1
1,,se,130.49615999999997,142.15439999999998,401.3529599999998,1409.3529599999997,412.3929599999998,True,1
1,,réserve,147.05615999999998,183.67142399999997,401.3529599999998,1409.3529599999997,412.3929599999998,True,1
1,,le,188.57318399999997,197.11151999999996,401.3529599999998,1409.3529599999997,412.3929599999998,True,1
1,,droit,202.01327999999995,223.31827199999992,401.3529599999998,1409.3529599999997,412.3929599999998,True,1
1,,de,228.29289599999993,240.5472959999999,401.3529599999998,1409.3529599999997,412.3929599999998,True,1
1,,refuser,245.33313599999988,279.48537599999986,401.3529599999998,1409.3529599999997,412.3929599999998,True,1
1,,ou,284.45337599999993,296.70777599999997,401.3529599999998,1409.3529599999997,412.3929599999998,True,1
1,,de,301.492512,313.74691199999995,401.3529599999998,1409.3529599999997,412.3929599999998,True,1
1,,révoquer,318.52502400000003,361.9100160000001,401.3529599999998,1409.3529599999997,412.3929599999998,True,1
1,,toute,366.7532640000002,391.36584000000016,401.3529599999998,1409.3529599999997,412.3929599999998,True,1
1,,demande,396.1505760000002,441.9941760000003,401.3529599999998,1409.3529599999997,412.3929599999998,True,1
1,,si,446.77228800000023,454.74316800000025,401.3529599999998,1409.3529599999997,412.3929599999998,True,1
1,,la,459.6162240000002,468.1545600000002,401.3529599999998,1409.3529599999997,412.3929599999998,True,1
1,,sécurité,473.0563200000001,511.4677919999999,401.3529599999998,1409.3529599999997,412.3929599999998,True,1
1,,publique,87.72719999999998,129.37008,413.9495999999998,1421.9496,424.98959999999977,True,1
1,,était,131.98656,152.80800000000002,413.9495999999998,1421.9496,424.98959999999977,True,1
1,,compromise.,155.497344,218.31935999999993,413.9495999999998,1421.9496,424.98959999999977,True,1
1,,La,221.00870399999994,233.2631039999999,413.9495999999998,1421.9496,424.98959999999977,True,1
1,,Ville,235.87958399999988,256.53763199999986,413.9495999999998,1421.9496,424.98959999999977,True,1
1,,se,259.1541119999998,270.8123519999998,413.9495999999998,1421.9496,424.98959999999977,True,1
1,,réserve,273.42883199999983,310.1589119999999,413.9495999999998,1421.9496,424.98959999999977,True,1
1,,également,312.77539199999995,364.18867200000005,413.9495999999998,1421.9496,424.98959999999977,True,1
1,,le,366.87801600000006,375.4163520000001,413.9495999999998,1421.9496,424.98959999999977,True,1
1,,droit,378.0328320000001,399.4526400000002,413.9495999999998,1421.9496,424.98959999999977,True,1
1,,de,402.14308800000015,414.3974880000002,413.9495999999998,1421.9496,424.98959999999977,True,1
1,,retirer,416.89473600000025,445.6440000000002,413.9495999999998,1421.9496,424.98959999999977,True,1
1,,tout,448.2074880000001,466.508496,413.9495999999998,1421.9496,424.98959999999977,True,1
1,,"élément,",469.19783999999987,511.3717439999995,413.9495999999998,1421.9496,424.98959999999977,True,1
1,,"structure,",87.72719999999998,133.628208,426.5462399999998,1434.5462399999997,437.58623999999975,True,1
1,,meuble,136.798896,172.92619200000001,426.5462399999998,1434.5462399999997,437.58623999999975,True,1
1,,ou,176.14324800000003,188.397648,426.5462399999998,1434.5462399999997,437.58623999999975,True,1
1,,autre,191.498784,216.47015999999996,426.5462399999998,1434.5462399999997,437.58623999999975,True,1
1,,élément,219.68831999999998,258.86155199999996,426.5462399999998,1434.5462399999997,437.58623999999975,True,1
1,,de,262.0322399999999,274.2866399999999,426.5462399999998,1434.5462399999997,437.58623999999975,True,1
1,,la,277.5048,286.043136,426.5462399999998,1434.5462399999997,437.58623999999975,True,1
1,,voie,289.261296,309.31545600000004,426.5462399999998,1434.5462399999997,437.58623999999975,True,1
1,,"publique,",312.5336160000001,357.10651200000024,426.5462399999998,1434.5462399999997,437.58623999999975,True,1
1,,et,360.3975360000003,369.4668960000003,426.5462399999998,1434.5462399999997,437.58623999999975,True,1
1,,"ce,",372.7579200000003,387.3461760000003,426.5462399999998,1434.5462399999997,437.58623999999975,True,1
1,,sans,390.51796800000034,413.7902880000003,426.5462399999998,1434.5462399999997,437.58623999999975,True,1
1,,"avertissement,",417.0305280000004,488.4803040000001,426.5462399999998,1434.5462399999997,437.58623999999975,True,1
1,,si,491.65099200000003,499.621872,426.5462399999998,1434.5462399999997,437.58623999999975,True,1
1,,la,502.81022399999995,511.34855999999996,426.5462399999998,1434.5462399999997,437.58623999999975,True,1
1,,sécurité,87.72719999999998,126.377136,439.26431999999977,1447.2643199999998,450.30431999999973,True,1
1,,du,132.002016,144.256416,439.26431999999977,1447.2643199999998,450.30431999999973,True,1
1,,"publique,",149.881296,194.45529599999998,439.26431999999977,1447.2643199999998,450.30431999999973,True,1
1,,la,200.14862399999998,208.68585599999994,439.26431999999977,1447.2643199999998,450.30431999999973,True,1
1,,libre,214.42665599999995,235.20172799999995,439.26431999999977,1447.2643199999998,450.30431999999973,True,1
1,,circulation,240.82660799999994,290.3939999999999,439.26431999999977,1447.2643199999998,450.30431999999973,True,1
1,,des,296.01887999999997,313.77119999999996,439.26431999999977,1447.2643199999998,450.30431999999973,True,1
1,,voies,319.41374399999995,344.965824,439.26431999999977,1447.2643199999998,450.30431999999973,True,1
1,,est,350.728704,365.433984,439.26431999999977,1447.2643199999998,450.30431999999973,True,1
1,,comprise,371.127312,415.66598400000004,439.26431999999977,1447.2643199999998,450.30431999999973,True,1
1,,ou,421.4067840000001,433.6611840000001,439.26431999999977,1447.2643199999998,450.30431999999973,True,1
1,,menace,439.1635200000001,478.28927999999985,439.26431999999977,1447.2643199999998,450.30431999999973,True,1
1,,d’être,484.03007999999977,511.4015519999996,439.26431999999977,1447.2643199999998,450.30431999999973,True,1
1,,compromise,87.72719999999998,147.737328,451.86095999999975,1459.8609599999997,462.9009599999997,True,1
1,,ou,150.83956799999999,163.09396800000002,451.86095999999975,1459.8609599999997,462.9009599999997,True,1
1,,si,166.080288,174.051168,451.86095999999975,1459.8609599999997,462.9009599999997,True,1
1,,des,177.124704,194.87702399999998,451.86095999999975,1459.8609599999997,462.9009599999997,True,1
1,,travaux,197.88100799999995,233.8736159999999,451.86095999999975,1459.8609599999997,462.9009599999997,True,1
1,,publics,236.87759999999986,271.0651679999998,451.86095999999975,1459.8609599999997,462.9009599999997,True,1
1,,sont,274.1894879999998,295.01203199999986,451.86095999999975,1459.8609599999997,462.9009599999997,True,1
1,,requis.,298.0634879999999,331.12828799999994,451.86095999999975,1459.8609599999997,462.9009599999997,True,1
1,,"1290-1,",87.72,118.2633,477.024,1485.024,486.024,True,1
1,,a.2;,120.8013,136.2786,477.024,1485.024,486.024,True,1
1,,Article,87.72,124.99199999999999,501.072,1509.0720000000001,513.072,True,1
1,,3,131.76,138.432,501.072,1509.0720000000001,513.072,True,1
1,,Afin,87.71616000000002,106.81425600000001,526.42272,1534.42272,537.46272,True,1
1,,d’obtenir,109.91649600000002,151.97337600000006,526.42272,1534.42272,537.46272,True,1
1,,le,155.14185600000008,163.68019200000006,526.42272,1534.42272,537.46272,True,1
1,,droit,166.78243200000009,188.20334400000007,526.42272,1534.42272,537.46272,True,1
1,,d’opérer,191.37734400000005,231.63801600000002,526.42272,1534.42272,537.46272,True,1
1,,une,234.80539199999998,253.175952,526.42272,1534.42272,537.46272,True,1
1,,"terrasse,",256.15343999999993,298.93344,526.42272,1534.42272,537.46272,True,1
1,,une,302.10854400000005,320.47910400000006,526.42272,1534.42272,537.46272,True,1
1,,personne,323.4565920000001,369.4161120000002,526.42272,1534.42272,537.46272,True,1
1,,doit,372.5183520000003,390.2198880000003,526.42272,1534.42272,537.46272,True,1
1,,transmettre,393.27134400000034,448.84449600000033,526.42272,1534.42272,537.46272,True,1
1,,le,451.9467360000002,460.4850720000002,526.42272,1534.42272,537.46272,True,1
1,,plan,463.58731200000005,484.356864,526.42272,1534.42272,537.46272,True,1
1,,de,487.45910399999985,499.7135039999998,526.42272,1534.42272,537.46272,True,1
1,,la,502.81574399999965,511.35407999999967,526.42272,1534.42272,537.46272,True,1
1,,terrasse,87.71616000000002,127.56614400000001,539.1407999999999,1547.1408,550.1808,True,1
1,,ainsi,131.62886400000002,154.23216000000005,539.1407999999999,1547.1408,550.1808,True,1
1,,qu’une,158.26617600000003,191.408256,539.1407999999999,1547.1408,550.1808,True,1
1,,copie,195.469872,221.644608,539.1407999999999,1547.1408,550.1808,True,1
1,,conforme,225.82324800000004,271.796016,539.1407999999999,1547.1408,550.1808,True,1
1,,de,275.857632,288.112032,539.1407999999999,1547.1408,550.1808,True,1
1,,son,292.173648,309.948048,539.1407999999999,1547.1408,550.1808,True,1
1,,contrat,314.009664,347.43547199999995,539.1407999999999,1547.1408,550.1808,True,1
1,,d’assurance,351.6858719999999,410.9673600000001,539.1407999999999,1547.1408,550.1808,True,1
1,,responsabilité,414.9097440000001,482.7085920000003,539.1407999999999,1547.1408,550.1808,True,1
1,,civile,486.8861280000003,511.14432000000033,539.1407999999999,1547.1408,550.1808,True,1
1,,"générale,",87.71616000000002,133.60944000000003,551.7374399999999,1559.7374399999999,562.77744,True,1
1,,respectant,136.66089600000004,188.06976000000003,551.7374399999999,1559.7374399999999,562.77744,True,1
1,,les,191.12452800000003,205.160784,551.7374399999999,1559.7374399999999,562.77744,True,1
1,,conditions,208.160352,257.70014399999985,551.7374399999999,1559.7374399999999,562.77744,True,1
1,,de,260.82446399999986,273.0788639999999,551.7374399999999,1559.7374399999999,562.77744,True,1
1,,l’article,276.18110399999995,310.274832,551.7374399999999,1559.7374399999999,562.77744,True,1
1,,6,313.37707200000006,319.51531200000005,551.7374399999999,1559.7374399999999,562.77744,True,1
1,,du,322.6175520000001,334.7560320000001,551.7374399999999,1559.7374399999999,562.77744,True,1
1,,présent,337.8527520000001,374.5110720000002,551.7374399999999,1559.7374399999999,562.77744,True,1
1,,règlement.,377.5625280000002,429.5830080000003,551.7374399999999,1559.7374399999999,562.77744,True,1
1,,"1290-1,",87.72,118.2633,578.0640000000001,1586.064,587.0640000000001,True,1
1,,a.3;,120.8013,136.2786,578.0640000000001,1586.064,587.0640000000001,True,1
1,,Article,87.72,124.99199999999999,601.9919,1609.9919,613.9919,True,1
1,,4,131.76,138.432,601.9919,1609.9919,613.9919,True,1
1,,Une,87.71616000000002,107.890656,627.46406,1635.46406,638.50406,True,1
1,,terrasse,112.79241600000002,152.64350400000004,627.46406,1635.46406,638.50406,True,1
1,,doit,157.54526400000003,175.24680000000004,627.46406,1635.46406,638.50406,True,1
1,,être,180.10108800000006,199.075536,627.46406,1635.46406,638.50406,True,1
1,,aménagée,203.977296,255.94367999999992,627.46406,1635.46406,638.50406,True,1
1,,conformément,260.8454399999999,331.100688,627.46406,1635.46406,638.50406,True,1
1,,aux,335.95497600000004,353.70729600000004,627.46406,1635.46406,638.50406,True,1
1,,normes,358.5108000000001,395.3391360000001,627.46406,1635.46406,638.50406,True,1
1,,et,400.26297600000015,409.33123200000017,627.46406,1635.46406,638.50406,True,1
1,,selon,414.3069600000002,440.59651200000025,627.46406,1635.46406,638.50406,True,1
1,,les,445.4982720000002,459.4141920000001,627.46406,1635.46406,638.50406,True,1
1,,modalités,464.3380320000001,511.556112,627.46406,1635.46406,638.50406,True,1
1,,prévues,87.71616,126.820944,640.0607,1648.0607,651.1007,True,1
1,,au,129.945264,142.199664,640.0607,1648.0607,651.1007,True,1
1,,présent,145.32398400000002,181.9812,640.0607,1648.0607,651.1007,True,1
1,,règlement.,185.037072,236.93831999999992,640.0607,1648.0607,651.1007,True,1
1,,L’espace,87.71616,131.759136,665.3754199999998,1673.3754199999998,676.4154199999999,True,1
1,,d’une,134.49705600000001,161.38387200000003,665.3754199999998,1673.3754199999998,676.4154199999999,True,1
1,,terrasse,164.12179200000003,203.97508800000003,665.3754199999998,1673.3754199999998,676.4154199999999,True,1
1,,doit,206.59267200000002,224.294208,665.3754199999998,1673.3754199999998,676.4154199999999,True,1
1,,être,227.10499199999998,246.19977599999996,665.3754199999998,1673.3754199999998,676.4154199999999,True,1
1,,"délimité,",248.937696,289.7945279999999,665.3754199999998,1673.3754199999998,676.4154199999999,True,1
1,,soit,292.6053119999999,309.59035199999994,665.3754199999998,1673.3754199999998,676.4154199999999,True,1
1,,à,312.40223999999995,318.54047999999995,665.3754199999998,1673.3754199999998,676.4154199999999,True,1
1,,l’aide,321.2784,346.84924800000005,665.3754199999998,1673.3754199999998,676.4154199999999,True,1
1,,du,349.5871680000001,361.8415680000001,665.3754199999998,1673.3754199999998,676.4154199999999,True,1
1,,mobilier,364.57948800000014,403.0439520000002,665.3754199999998,1673.3754199999998,676.4154199999999,True,1
1,,ou,405.84700800000024,418.1014080000003,665.3754199999998,1673.3754199999998,676.4154199999999,True,1
1,,par,420.8393280000003,436.7479680000003,665.3754199999998,1673.3754199999998,676.4154199999999,True,1
1,,l’installation,439.5521280000003,496.31428799999986,665.3754199999998,1673.3754199999998,676.4154199999999,True,1
1,,de,499.0522079999997,511.30660799999964,665.3754199999998,1673.3754199999998,676.4154199999999,True,1
1,,structures,87.71616,136.06804800000003,677.9720599999998,1685.9720599999998,689.0120599999999,True,1
1,,temporaires.,139.30828800000003,200.44339199999996,677.9720599999998,1685.9720599999998,689.0120599999999,True,1
1,,La,203.63616,215.76912,677.9720599999998,1685.9720599999998,689.0120599999999,True,1
1,,conception,218.98728,272.26632,677.9720599999998,1685.9720599999998,689.0120599999999,True,1
1,,et,275.48448,284.552736,677.9720599999998,1685.9720599999998,689.0120599999999,True,1
1,,les,287.84376000000003,301.880016,677.9720599999998,1685.9720599999998,689.0120599999999,True,1
1,,frais,304.99992,325.875456,677.9720599999998,1685.9720599999998,689.0120599999999,True,1
1,,reliés,328.99536,355.26614399999994,677.9720599999998,1685.9720599999998,689.0120599999999,True,1
1,,à,358.50638399999997,364.64462399999996,677.9720599999998,1685.9720599999998,689.0120599999999,True,1
1,,la,367.862784,376.40112,677.9720599999998,1685.9720599999998,689.0120599999999,True,1
1,,construction,379.61927999999995,439.022208,677.9720599999998,1685.9720599999998,689.0120599999999,True,1
1,,des,442.2403680000001,459.8767680000001,677.9720599999998,1685.9720599999998,689.0120599999999,True,1
1,,structures,463.1170080000001,511.3529760000001,677.9720599999998,1685.9720599999998,689.0120599999999,True,1
1,,sont,87.71616,108.5376,690.6901399999999,1698.69014,701.7301399999999,True,1
1,,aux,112.19184,129.96624,690.6901399999999,1698.69014,701.7301399999999,True,1
1,,frais,133.31135999999998,154.307232,690.6901399999999,1698.69014,701.7301399999999,True,1
1,,du,157.90627199999997,170.16067199999998,690.6901399999999,1698.69014,701.7301399999999,True,1
1,,demandeur.,173.737632,232.34567999999996,690.6901399999999,1698.69014,701.7301399999999,True,1
1,,La,235.99550399999998,248.249904,690.6901399999999,1698.69014,701.7301399999999,True,1
1,,Ville,251.826864,272.48491199999995,690.6901399999999,1698.69014,701.7301399999999,True,1
1,,se,276.06187199999994,287.720112,690.6901399999999,1698.69014,701.7301399999999,True,1
1,,réserve,291.29707199999996,327.9101279999999,690.6901399999999,1698.69014,701.7301399999999,True,1
1,,le,331.48708799999997,340.09056,690.6901399999999,1698.69014,701.7301399999999,True,1
1,,droit,343.66751999999997,365.088432,690.6901399999999,1698.69014,701.7301399999999,True,1
1,,d’accepter,368.738256,419.43945599999995,690.6901399999999,1698.69014,701.7301399999999,True,1
1,,ou,423.082656,435.33705599999996,690.6901399999999,1698.69014,701.7301399999999,True,1
1,,non,438.91401599999995,457.16865599999994,690.6901399999999,1698.69014,701.7301399999999,True,1
1,,le,460.7456159999999,469.2839519999999,690.6901399999999,1698.69014,701.7301399999999,True,1
1,,concept,472.8609119999999,511.31875199999985,690.6901399999999,1698.69014,701.7301399999999,True,1
1,,"ou,",87.71616000000003,103.01760000000003,703.2867799999999,1711.28678,714.3267799999999,True,1
1,,au,106.19270400000002,118.44710400000002,703.2867799999999,1711.28678,714.3267799999999,True,1
1,,"besoin,",121.43232000000003,156.88617600000003,703.2867799999999,1711.28678,714.3267799999999,True,1
1,,d’exiger,159.94204800000006,198.40761600000005,703.2867799999999,1711.28678,714.3267799999999,True,1
1,,son,201.57609600000004,219.23016,703.2867799999999,1711.28678,714.3267799999999,True,1
1,,"retrait,",222.33239999999998,253.47844799999996,703.2867799999999,1711.28678,714.3267799999999,True,1
1,,sans,256.653552,279.80995199999995,703.2867799999999,1711.28678,714.3267799999999,True,1
1,,compensation,282.934272,351.3325920000001,703.2867799999999,1711.28678,714.3267799999999,True,1
1,,au,354.43483200000014,366.6892320000002,703.2867799999999,1711.28678,714.3267799999999,True,1
1,,demandeur.,369.7859520000003,428.39620800000034,703.2867799999999,1711.28678,714.3267799999999,True,1
1,,Une,87.71616,107.89065599999999,728.6014999999998,1736.6014999999998,739.6414999999998,True,1
1,,terrasse,111.953376,151.686336,728.6014999999998,1736.6014999999998,739.6414999999998,True,1
1,,doit,155.63313600000004,173.33356800000004,728.6014999999998,1736.6014999999998,739.6414999999998,True,1
1,,être,177.34992000000003,196.32436800000002,728.6014999999998,1736.6014999999998,739.6414999999998,True,1
1,,maintenue,200.271168,251.62924799999993,728.6014999999998,1736.6014999999998,739.6414999999998,True,1
1,,propre,255.69196799999992,287.50262399999997,728.6014999999998,1736.6014999999998,739.6414999999998,True,1
1,,et,291.443904,300.51326400000005,728.6014999999998,1736.6014999999998,739.6414999999998,True,1
1,,son,304.52851200000003,322.30291200000005,728.6014999999998,1736.6014999999998,739.6414999999998,True,1
1,,entrevue,326.1249600000001,368.9689920000002,728.6014999999998,1736.6014999999998,739.6414999999998,True,1
1,,est,373.0317120000002,387.6166560000002,728.6014999999998,1736.6014999999998,739.6414999999998,True,1
1,,au,391.63190400000025,403.8863040000002,728.6014999999998,1736.6014999999998,739.6414999999998,True,1
1,,frais,407.7072480000003,428.5838880000003,728.6014999999998,1736.6014999999998,739.6414999999998,True,1
1,,du,432.6686880000003,444.80716800000033,728.6014999999998,1736.6014999999998,739.6414999999998,True,1
1,,détenteur,448.7451360000003,495.2411999999999,728.6014999999998,1736.6014999999998,739.6414999999998,True,1
1,,du,499.2498239999998,511.3883039999998,728.6014999999998,1736.6014999999998,739.6414999999998,True,1
1,,permis.,87.71616,123.89755199999999,741.3195799999999,1749.3195799999999,752.3595799999998,True,1
1,,Toute,87.71616,115.931088,766.5128599999998,1774.5128599999998,777.5528599999998,True,1
1,,cuisson,119.03332800000001,156.36508800000001,766.5128599999998,1774.5128599999998,777.5528599999998,True,1
1,,et/ou,159.35140800000002,183.84144,766.5128599999998,1774.5128599999998,777.5528599999998,True,1
1,,préparation,186.94367999999997,242.5057919999999,766.5128599999998,1774.5128599999998,777.5528599999998,True,1
1,,d'aliments,245.60803199999987,294.7956479999999,766.5128599999998,1774.5128599999998,777.5528599999998,True,1
1,,sont,297.799632,318.50515199999995,766.5128599999998,1774.5128599999998,777.5528599999998,True,1
1,,interdites,321.680256,366.331536,766.5128599999998,1774.5128599999998,777.5528599999998,True,1
1,,sur,369.3366240000001,384.53318400000006,766.5128599999998,1774.5128599999998,777.5528599999998,True,1
1,,une,387.7005600000001,406.0711200000001,766.5128599999998,1774.5128599999998,777.5528599999998,True,1
1,,terrasse.,409.05744000000016,451.83854400000007,766.5128599999998,1774.5128599999998,777.5528599999998,True,1
1,,Les,87.71616,105.46848,791.8275799999998,1799.8275799999997,802.8675799999999,True,1
1,,lieux,109.55328,132.104688,791.8275799999998,1799.8275799999997,802.8675799999999,True,1
1,,occupés,136.06473600000004,177.08937600000004,791.8275799999998,1799.8275799999997,802.8675799999999,True,1
1,,par,181.17417600000005,196.966896,791.8275799999998,1799.8275799999997,802.8675799999999,True,1
1,,une,200.97552000000002,219.22905599999996,791.8275799999998,1799.8275799999997,802.8675799999999,True,1
1,,terrasse,223.28625599999995,263.0203199999999,791.8275799999998,1799.8275799999997,802.8675799999999,True,1
1,,"doivent,",267.10511999999994,305.59056,791.8275799999998,1799.8275799999997,802.8675799999999,True,1
1,,à,309.60580799999997,315.74404799999996,791.8275799999998,1799.8275799999997,802.8675799999999,True,1
1,,la,319.69084799999996,328.229184,791.8275799999998,1799.8275799999997,802.8675799999999,True,1
1,,fin,332.167152,343.945728,791.8275799999998,1799.8275799999997,802.8675799999999,True,1
1,,de,347.89142400000003,360.145824,791.8275799999998,1799.8275799999997,802.8675799999999,True,1
1,,la,364.208544,372.74688000000003,791.8275799999998,1799.8275799999997,802.8675799999999,True,1
1,,période,376.69257600000003,413.416032,791.8275799999998,1799.8275799999997,802.8675799999999,True,1
1,,"estivale,",417.36283199999997,457.621296,791.8275799999998,1799.8275799999997,802.8675799999999,True,1
1,,être,461.75687999999997,480.73574399999995,791.8275799999998,1799.8275799999997,802.8675799999999,True,1
1,,remis,484.556688,511.432464,791.8275799999998,1799.8275799999997,802.8675799999999,True,1
1,,dans,87.71616,111.58464,804.5456599999998,1812.5456599999998,815.5856599999997,True,1
1,,le,114.70896,123.247296,804.5456599999998,1812.5456599999998,815.5856599999997,True,1
1,,même,126.22478400000001,156.960144,804.5456599999998,1812.5456599999998,815.5856599999997,True,1
1,,état,159.94536000000005,178.250784,804.5456599999998,1812.5456599999998,815.5856599999997,True,1
1,,qu'au,181.301136,207.95611200000002,804.5456599999998,1812.5456599999998,815.5856599999997,True,1
1,,moment,210.942432,250.72396799999996,804.5456599999998,1812.5456599999998,815.5856599999997,True,1
1,,de,253.77873599999992,266.0331359999999,804.5456599999998,1812.5456599999998,815.5856599999997,True,1
1,,la,269.13537599999995,277.67371199999997,804.5456599999998,1812.5456599999998,815.5856599999997,True,1
1,,demande,280.660032,326.6184480000001,804.5456599999998,1812.5456599999998,815.5856599999997,True,1
1,,de,329.48001600000015,341.7344160000002,804.5456599999998,1812.5456599999998,815.5856599999997,True,1
1,,permis,344.83665600000023,377.82859200000024,804.5456599999998,1812.5456599999998,815.5856599999997,True,1
1,,Article,87.72,124.99199999999999,830.592,1838.592,842.592,True,1
1,,5,131.76,138.432,830.592,1838.592,842.592,True,1
1,,Le,87.72720000000001,99.9816,856.06416,1864.06416,867.10416,True,1
1,,droit,103.92288,125.344896,856.06416,1864.06416,867.10416,True,1
1,,d’opérer,129.23980800000004,169.61640000000006,856.06416,1864.06416,867.10416,True,1
1,,une,173.50248000000005,191.87304000000003,856.06416,1864.06416,867.10416,True,1
1,,terrasse,195.69840000000002,235.43246399999998,856.06416,1864.06416,867.10416,True,1
1,,expire,239.37374399999996,269.26343999999995,856.06416,1864.06416,867.10416,True,1
1,,le,273.20471999999995,281.7430559999999,856.06416,1864.06416,867.10416,True,1
1,,15,285.56841599999996,297.82281599999993,856.06416,1864.06416,867.10416,True,1
1,,octobre,301.76409599999994,338.37384,856.06416,1864.06416,867.10416,True,1
1,,à,342.31512,348.45336,856.06416,1864.06416,867.10416,True,1
1,,23h59,352.27872,382.88160000000005,856.06416,1864.06416,867.10416,True,1
1,,de,386.82288000000005,399.0772800000001,856.06416,1864.06416,867.10416,True,1
1,,chaque,402.90264000000013,439.0332480000002,856.06416,1864.06416,867.10416,True,1
1,,année,442.8575040000002,473.3444639999999,856.06416,1864.06416,867.10416,True,1
1,,et,477.2857439999998,486.4710239999997,856.06416,1864.06416,867.10416,True,1
1,,il,490.3659359999997,495.21691199999964,856.06416,1864.06416,867.10416,True,1
1,,ne,499.1294879999996,511.3838879999995,856.06416,1864.06416,867.10416,True,1
1,,peut,87.72720000000001,109.1448,868.6608,1876.6608,879.7008000000001,True,1
1,,être,112.31990400000001,131.29766400000003,868.6608,1876.6608,879.7008000000001,True,1
1,,cédé,134.28398400000003,158.17454400000003,868.6608,1876.6608,879.7008000000001,True,1
1,,ou,161.27678400000002,173.53118400000002,868.6608,1876.6608,879.7008000000001,True,1
1,,transféré.,176.51750400000003,222.89433599999995,868.6608,1876.6608,879.7008000000001,True,1
1,,Une,87.72719999999998,107.90169599999997,893.97552,1901.97552,905.01552,True,1
1,,terrasse,111.00393599999998,150.855024,893.97552,1901.97552,905.01552,True,1
1,,peut,153.841344,175.25894399999999,893.97552,1901.97552,905.01552,True,1
1,,être,178.31481599999998,197.28926399999997,893.97552,1901.97552,905.01552,True,1
1,,opérée,200.39150399999994,234.5978399999999,893.97552,1901.97552,905.01552,True,1
1,,de,237.70007999999987,249.95447999999988,893.97552,1901.97552,905.01552,True,1
1,,10h,252.94079999999985,271.3113599999998,893.97552,1901.97552,905.01552,True,1
1,,à,274.41359999999986,280.55183999999986,893.97552,1901.97552,905.01552,True,1
1,,00h,283.53815999999995,301.90871999999996,893.97552,1901.97552,905.01552,True,1
1,,chaque,305.01096,340.89758400000005,893.97552,1901.97552,905.01552,True,1
1,,jour,343.9998240000001,362.31297600000016,893.97552,1901.97552,905.01552,True,1
1,,de,365.4803520000002,377.7347520000002,893.97552,1901.97552,905.01552,True,1
1,,la,380.7210720000002,389.25940800000024,893.97552,1901.97552,905.01552,True,1
1,,semaine.,392.3616480000003,436.96104000000037,893.97552,1901.97552,905.01552,True,1
1,,"1290-1,",87.72,118.2633,919.104,1927.104,928.104,True,1
1,,a.4;,120.8013,136.2786,919.104,1927.104,928.104,True,1
1,,Codification,45.12,87.02448,975.813,1983.813,983.853,True,1
1,,administrative,89.27568,138.61957200000003,975.813,1983.813,983.853,True,1
1,,(au,140.87077200000004,152.41942800000004,975.813,1983.813,983.853,True,1
1,,1290-1),154.70278800000006,182.07336,975.813,1983.813,983.853,True,1
1,,Page,485.99339999999995,504.73946399999994,975.813,1983.813,983.853,True,1
1,,2,506.99387999999993,511.4641199999999,975.813,1983.813,983.853,True,1
2,,Article,87.72,124.99199999999999,46.152000000000044,2062.152,58.152000000000044,True,1
2,,6,131.76,138.432,46.152000000000044,2062.152,58.152000000000044,True,1
2,,La,87.71616000000002,99.97056,71.50271999999995,2087.50272,82.54271999999992,True,1
2,,personne,103.66896000000001,149.50814400000002,71.50271999999995,2087.50272,82.54271999999992,True,1
2,,qui,153.08620800000006,167.89305600000006,71.50271999999995,2087.50272,82.54271999999992,True,1
2,,demande,171.44241600000004,217.16788799999998,71.50271999999995,2087.50272,82.54271999999992,True,1
2,,à,220.86628799999994,227.00452799999994,71.50271999999995,2087.50272,82.54271999999992,True,1
2,,la,230.5859039999999,239.12423999999993,71.50271999999995,2087.50272,82.54271999999992,True,1
2,,Ville,242.82263999999992,263.4806879999999,71.50271999999995,2087.50272,82.54271999999992,True,1
2,,le,267.2011679999999,275.7395039999999,71.50271999999995,2087.50272,82.54271999999992,True,1
2,,droit,279.4379039999999,300.742896,71.50271999999995,2087.50272,82.54271999999992,True,1
2,,d’aménager,304.39382399999994,362.575728,71.50271999999995,2087.50272,82.54271999999992,True,1
2,,une,366.22003200000006,384.5905920000001,71.50271999999995,2087.50272,82.54271999999992,True,1
2,,terrasse,388.17196800000005,427.91044800000003,71.50271999999995,2087.50272,82.54271999999992,True,1
2,,sur,431.491824,446.683968,71.50271999999995,2087.50272,82.54271999999992,True,1
2,,une,450.447504,468.81806399999994,71.50271999999995,2087.50272,82.54271999999992,True,1
2,,emprise,472.40054399999997,511.57488,71.50271999999995,2087.50272,82.54271999999992,True,1
2,,publique,87.71616,129.35904000000002,84.22079999999994,2100.2208,95.2607999999999,True,1
2,,doit,132.46128000000002,150.16281600000002,84.22079999999994,2100.2208,95.2607999999999,True,1
2,,joindre,153.21868800000004,186.34310400000007,84.22079999999994,2100.2208,95.2607999999999,True,1
2,,à,189.32942400000002,195.467664,84.22079999999994,2100.2208,95.2607999999999,True,1
2,,celle-ci,198.44625600000003,232.60512,84.22079999999994,2100.2208,95.2607999999999,True,1
2,,:,235.67424,238.74336,84.22079999999994,2100.2208,95.2607999999999,True,1
2,,a),101.75904000000003,111.55152000000002,109.4140799999999,2125.41408,120.45407999999986,True,1
2,,une,130.19808000000003,148.56864000000002,109.4140799999999,2125.41408,120.45407999999986,True,1
2,,note,153.60288000000003,174.977424,109.4140799999999,2125.41408,120.45407999999986,True,1
2,,de,179.87918400000004,192.13358400000004,109.4140799999999,2125.41408,120.45407999999986,True,1
2,,couverture,197.03534400000004,249.11654400000003,109.4140799999999,2125.41408,120.45407999999986,True,1
2,,attestant,254.018304,296.19551999999993,109.4140799999999,2125.41408,120.45407999999986,True,1
2,,qu'un,301.04649599999993,327.7003679999999,109.4140799999999,2125.41408,120.45407999999986,True,1
2,,compagnie,332.6076479999999,386.25432,109.4140799999999,2125.41408,120.45407999999986,True,1
2,,d'assurance,391.2775200000001,450.32054400000015,109.4140799999999,2125.41408,120.45407999999986,True,1
2,,autorisée,455.2223040000002,500.35272000000026,109.4140799999999,2125.41408,120.45407999999986,True,1
2,,à,505.3704000000003,511.5086400000003,109.4140799999999,2125.41408,120.45407999999986,True,1
2,,faire,130.19808000000003,151.69296000000003,122.13215999999989,2138.13216,133.17215999999985,True,1
2,,affaires,158.15688000000003,194.26982400000009,122.13215999999989,2138.13216,133.17215999999985,True,1
2,,au,200.75251200000008,213.00691200000006,122.13215999999989,2138.13216,133.17215999999985,True,1
2,,Québec,219.34828800000005,257.85691199999997,122.13215999999989,2138.13216,133.17215999999985,True,1
2,,est,264.458832,279.0448799999999,122.13215999999989,2138.13216,133.17215999999985,True,1
2,,disposée,285.57724799999994,329.6202239999999,122.13215999999989,2138.13216,133.17215999999985,True,1
2,,à,336.0841439999999,342.2223839999999,122.13215999999989,2138.13216,133.17215999999985,True,1
2,,émettre,348.68630399999995,386.020272,122.13215999999989,2138.13216,133.17215999999985,True,1
2,,une,392.48308799999995,410.853648,122.13215999999989,2138.13216,133.17215999999985,True,1
2,,police,417.316464,446.0072160000001,122.13215999999989,2138.13216,133.17215999999985,True,1
2,,d'assurance,452.4711360000001,511.39713599999993,122.13215999999989,2138.13216,133.17215999999985,True,1
2,,responsabilité,130.19808000000003,198.11395200000004,134.72879999999986,2150.7288,145.76879999999983,True,1
2,,civile,203.85475200000008,228.11294400000008,134.72879999999986,2150.7288,145.76879999999983,True,1
2,,générale,233.85374400000006,276.584064,134.72879999999986,2150.7288,145.76879999999983,True,1
2,,valide,282.324864,310.89527999999996,134.72879999999986,2150.7288,145.76879999999983,True,1
2,,pendant,316.63607999999994,356.4021600000001,134.72879999999986,2150.7288,145.76879999999983,True,1
2,,toute,361.97294400000004,386.467392,134.72879999999986,2150.7288,145.76879999999983,True,1
2,,la,392.20819200000005,400.7465280000001,134.72879999999986,2150.7288,145.76879999999983,True,1
2,,période,406.37030400000003,442.9767360000002,134.72879999999986,2150.7288,145.76879999999983,True,1
2,,au,448.7175360000002,460.97193600000026,134.72879999999986,2150.7288,145.76879999999983,True,1
2,,cours,466.5968160000002,493.4725920000001,134.72879999999986,2150.7288,145.76879999999983,True,1
2,,de,499.11624000000006,511.37064,134.72879999999986,2150.7288,145.76879999999983,True,1
2,,laquelle,130.19808000000003,168.12489600000004,147.44687999999985,2163.44688,158.48687999999981,True,1
2,,la,171.22713600000003,179.76547200000005,147.44687999999985,2163.44688,158.48687999999981,True,1
2,,terrasse,182.86771200000004,222.60177600000003,147.44687999999985,2163.44688,158.48687999999981,True,1
2,,est,225.72609600000004,240.31435200000004,147.44687999999985,2163.44688,158.48687999999981,True,1
2,,opérée,243.47952000000004,277.68585600000006,147.44687999999985,2163.44688,158.48687999999981,True,1
2,,;,280.66665600000005,283.73577600000004,147.44687999999985,2163.44688,158.48687999999981,True,1
2,,b),101.75904000000006,111.55152000000005,160.04351999999983,2176.0435199999997,171.0835199999998,True,1
2,,où,130.19808000000006,142.45248000000007,160.04351999999983,2176.0435199999997,171.0835199999998,True,1
2,,la,145.55472000000006,154.09305600000005,160.04351999999983,2176.0435199999997,171.0835199999998,True,1
2,,Ville,157.20192000000006,177.84672000000006,160.04351999999983,2176.0435199999997,171.0835199999998,True,1
2,,est,180.96000000000006,195.66528000000005,160.04351999999983,2176.0435199999997,171.0835199999998,True,1
2,,désignée,198.84480000000008,243.48724800000008,160.04351999999983,2176.0435199999997,171.0835199999998,True,1
2,,comme,246.47356800000009,282.6074880000001,160.04351999999983,2176.0435199999997,171.0835199999998,True,1
2,,«,285.6158880000001,291.7541280000001,160.04351999999983,2176.0435199999997,171.0835199999998,True,1
2,,assurée,294.8486400000001,333.9799200000001,160.04351999999983,2176.0435199999997,171.0835199999998,True,1
2,,additionnelle,336.9662400000001,398.52196800000013,160.04351999999983,2176.0435199999997,171.0835199999998,True,1
2,,»;,401.6496000000001,410.83488000000006,160.04351999999983,2176.0435199999997,171.0835199999998,True,1
2,,c),101.75904000000008,110.95536000000008,172.6401599999998,2188.64016,183.68015999999977,True,1
2,,dont,130.1980800000001,151.61568000000008,172.6401599999998,2188.64016,183.68015999999977,True,1
2,,la,154.79188800000009,163.3291200000001,172.6401599999998,2188.64016,183.68015999999977,True,1
2,,couverture,166.4313600000001,218.3944320000001,172.6401599999998,2188.64016,183.68015999999977,True,1
2,,minimum,221.37964800000012,265.96910400000013,172.6401599999998,2188.64016,183.68015999999977,True,1
2,,est,269.15966400000013,283.7479200000001,172.6401599999998,2188.64016,183.68015999999977,True,1
2,,d'au,286.9219200000001,307.3359840000001,172.6401599999998,2188.64016,183.68015999999977,True,1
2,,moins,310.3145760000001,339.7052640000001,172.6401599999998,2188.64016,183.68015999999977,True,1
2,,1,342.7048320000001,348.8430720000001,172.6401599999998,2188.64016,183.68015999999977,True,1
2,,000,351.9453120000001,370.3158720000001,172.6401599999998,2188.64016,183.68015999999977,True,1
2,,000,373.1774400000001,391.54800000000006,172.6401599999998,2188.64016,183.68015999999977,True,1
2,,$,394.65024000000005,400.78848000000005,172.6401599999998,2188.64016,183.68015999999977,True,1
2,,par,403.89072000000004,419.68344,172.6401599999998,2188.64016,183.68015999999977,True,1
2,,événement;,422.85192000000006,480.261024,172.6401599999998,2188.64016,183.68015999999977,True,1
2,,d),101.77008000000012,111.56256000000012,185.3582399999998,2201.3582399999996,196.39823999999976,True,1
2,,comportant,130.20912000000013,185.33956800000016,185.3582399999998,2201.3582399999996,196.39823999999976,True,1
2,,une,189.58996800000017,207.96052800000015,185.3582399999998,2201.3582399999996,196.39823999999976,True,1
2,,disposition,212.25840000000017,264.2214720000001,185.3582399999998,2201.3582399999996,196.39823999999976,True,1
2,,établissant,268.5193440000001,321.12936000000013,185.3582399999998,2201.3582399999996,196.39823999999976,True,1
2,,que,325.3808640000001,343.8750720000001,185.3582399999998,2201.3582399999996,196.39823999999976,True,1
2,,les,348.2491200000001,362.2853760000001,185.3582399999998,2201.3582399999996,196.39823999999976,True,1
2,,manquements,366.4860960000001,436.30857600000013,185.3582399999998,2201.3582399999996,196.39823999999976,True,1
2,,de,440.62852800000013,452.8829280000001,185.3582399999998,2201.3582399999996,196.39823999999976,True,1
2,,l’assuré,457.1796960000001,495.0159840000001,185.3582399999998,2201.3582399999996,196.39823999999976,True,1
2,,ne,499.3138560000001,511.4523360000001,185.3582399999998,2201.3582399999996,196.39823999999976,True,1
2,,sont,130.20912000000015,151.03056000000015,197.95487999999978,2213.95488,208.99487999999974,True,1
2,,pas,154.21008000000018,171.96240000000017,197.95487999999978,2213.95488,208.99487999999974,True,1
2,,opposables,174.96638400000018,231.2196000000002,197.95487999999978,2213.95488,208.99487999999974,True,1
2,,à,234.22468800000019,240.36292800000018,197.95487999999978,2213.95488,208.99487999999974,True,1
2,,la,243.46516800000018,252.0035040000002,197.95487999999978,2213.95488,208.99487999999974,True,1
2,,Ville.,254.98982400000017,278.6949120000001,197.95487999999978,2213.95488,208.99487999999974,True,1
2,,"1290-1,",87.72,118.2633,224.30399999999997,2240.304,233.30399999999997,True,1
2,,a.5;,120.8013,136.2786,224.30399999999997,2240.304,233.30399999999997,True,1
2,,Article,87.72,124.99199999999999,248.23199999999997,2264.232,260.23199999999997,True,1
2,,7,131.76,138.432,248.23199999999997,2264.232,260.23199999999997,True,1
2,,La,87.71616000000002,99.97056,273.70416,2289.7041600000002,284.74415999999997,True,1
2,,Ville,104.98824000000002,125.64628800000003,273.70416,2289.7041600000002,284.74415999999997,True,1
2,,peut,130.663968,152.08156800000003,273.70416,2289.7041600000002,284.74415999999997,True,1
2,,révoquer,157.17321600000002,200.67412800000002,273.70416,2289.7041600000002,284.74415999999997,True,1
2,,ou,205.638816,217.89321599999997,273.70416,2289.7041600000002,284.74415999999997,True,1
2,,suspendre,222.91089599999992,274.39041599999985,273.70416,2289.7041600000002,284.74415999999997,True,1
2,,le,279.4080959999999,287.9464319999999,273.70416,2289.7041600000002,284.74415999999997,True,1
2,,droit,293.03808,314.34196799999995,273.70416,2289.7041600000002,284.74415999999997,True,1
2,,en,319.44575999999995,331.58423999999997,273.70416,2289.7041600000002,284.74415999999997,True,1
2,,vertu,336.60191999999995,361.097472,273.70416,2289.7041600000002,284.74415999999997,True,1
2,,du,366.11515199999997,378.369552,273.70416,2289.7041600000002,284.74415999999997,True,1
2,,présent,383.387232,420.04444799999993,273.70416,2289.7041600000002,284.74415999999997,True,1
2,,règlement,425.01575999999994,474.03225599999985,273.70416,2289.7041600000002,284.74415999999997,True,1
2,,s’il,479.00356799999986,491.77463999999986,273.70416,2289.7041600000002,284.74415999999997,True,1
2,,est,496.7636159999999,511.3496639999999,273.70416,2289.7041600000002,284.74415999999997,True,1
2,,nécessaire,87.72719999999995,141.00955199999996,286.3008,2302.3008,297.34079999999994,True,1
2,,de,145.42555199999998,157.67995199999996,286.3008,2302.3008,297.34079999999994,True,1
2,,procéder,161.980032,205.36171199999995,286.3008,2302.3008,297.34079999999994,True,1
2,,à,209.60438399999992,215.74262399999992,286.3008,2302.3008,297.34079999999994,True,1
2,,des,220.1586239999999,237.9109439999999,286.3008,2302.3008,297.34079999999994,True,1
2,,"travaux,",242.22979199999986,281.1667679999999,286.3008,2302.3008,297.34079999999994,True,1
2,,"sur,",285.65563199999985,303.96105599999987,286.3008,2302.3008,297.34079999999994,True,1
2,,"dans,",308.4499199999999,335.268288,286.3008,2302.3008,297.34079999999994,True,1
2,,au-dessus,339.7571519999999,390.5985599999999,286.3008,2302.3008,297.34079999999994,True,1
2,,ou,394.9174079999999,407.17180799999994,286.3008,2302.3008,297.34079999999994,True,1
2,,à,411.4707839999999,417.6090239999999,286.3008,2302.3008,297.34079999999994,True,1
2,,partir,421.90910399999996,446.9687999999999,286.3008,2302.3008,297.34079999999994,True,1
2,,de,451.3295999999999,463.5839999999999,286.3008,2302.3008,297.34079999999994,True,1
2,,l'emprise,467.9999999999999,511.45343999999994,286.3008,2302.3008,297.34079999999994,True,1
2,,publique,87.72719999999993,129.37007999999994,299.01887999999997,2315.01888,310.05887999999993,True,1
2,,où,132.47231999999994,144.72671999999994,299.01887999999997,2315.01888,310.05887999999993,True,1
2,,une,147.82895999999994,166.19951999999995,299.01887999999997,2315.01888,310.05887999999993,True,1
2,,terrasse,169.06108799999993,208.91107199999988,299.01887999999997,2315.01888,310.05887999999993,True,1
2,,a,211.89628799999986,218.03452799999985,299.01887999999997,2315.01888,310.05887999999993,True,1
2,,été,221.13676799999988,236.39515199999985,299.01887999999997,2315.01888,310.05887999999993,True,1
2,,aménagée.,239.49739199999988,294.5119199999999,299.01887999999997,2315.01888,310.05887999999993,True,1
2,,La,87.7271999999999,99.98159999999989,324.33359999999993,2340.3336,335.3735999999999,True,1
2,,Ville,103.0838399999999,123.7418879999999,324.33359999999993,2340.3336,335.3735999999999,True,1
2,,ne,126.8441279999999,139.0985279999999,324.33359999999993,2340.3336,335.3735999999999,True,1
2,,rembourse,142.20076799999993,194.8858559999999,324.33359999999993,2340.3336,335.3735999999999,True,1
2,,aucune,197.8721759999999,233.87913599999985,324.33359999999993,2340.3336,335.3735999999999,True,1
2,,"indemnité,",236.9813759999998,287.6759519999998,324.33359999999993,2340.3336,335.3735999999999,True,1
2,,ni,290.85105599999986,299.4180959999998,324.33359999999993,2340.3336,335.3735999999999,True,1
2,,dommage.,302.3668799999999,354.4271039999999,324.33359999999993,2340.3336,335.3735999999999,True,1
2,,"1290-1,",87.72,118.2633,349.34400000000005,2365.344,358.34400000000005,True,1
2,,a.6;,120.8013,136.2786,349.34400000000005,2365.344,358.34400000000005,True,1
2,,Article,87.72,124.99199999999999,373.39200000000005,2389.392,385.39200000000005,True,1
2,,8,131.76,138.432,373.39200000000005,2389.392,385.39200000000005,True,1
2,,Le,87.71616000000002,99.97056,398.86415999999997,2414.86416,409.90415999999993,True,1
2,,conseil,103.78819200000001,138.02654400000003,398.86415999999997,2414.86416,409.90415999999993,True,1
2,,autorise,141.81547200000003,180.94675200000006,398.86415999999997,2414.86416,409.90415999999993,True,1
2,,de,184.64846400000005,196.90286400000002,398.86415999999997,2414.86416,409.90415999999993,True,1
2,,façon,200.485344,227.49911999999995,398.86415999999997,2414.86416,409.90415999999993,True,1
2,,générale,231.19751999999994,274.0459679999999,398.86415999999997,2414.86416,409.90415999999993,True,1
2,,tout,277.74436799999995,296.165712,398.86415999999997,2414.86416,409.90415999999993,True,1
2,,agent,299.93697599999996,327.47846400000003,398.86415999999997,2414.86416,409.90415999999993,True,1
2,,de,331.129392,343.383792,398.86415999999997,2414.86416,409.90415999999993,True,1
2,,la,347.27759999999995,355.81152,398.86415999999997,2414.86416,409.90415999999993,True,1
2,,"paix,",359.63136,382.73256,398.86415999999997,2414.86416,409.90415999999993,True,1
2,,ainsi,386.625264,409.22745599999996,398.86415999999997,2414.86416,409.90415999999993,True,1
2,,que,412.776816,431.271024,398.86415999999997,2414.86416,409.90415999999993,True,1
2,,le,434.97494400000005,443.51328,398.86415999999997,2414.86416,409.90415999999993,True,1
2,,personnel,447.33312,495.6044159999999,398.86415999999997,2414.86416,409.90415999999993,True,1
2,,du,499.3955519999999,511.5329279999999,398.86415999999997,2414.86416,409.90415999999993,True,1
2,,Service,87.71616,124.33032,411.46079999999995,2427.4608,422.5007999999999,True,1
2,,de,128.39304,140.64744000000002,411.46079999999995,2427.4608,422.5007999999999,True,1
2,,l’urbanisme,144.70464,200.98656,411.46079999999995,2427.4608,422.5007999999999,True,1
2,,et,204.923424,214.108704,411.46079999999995,2427.4608,422.5007999999999,True,1
2,,de,218.24428799999998,230.49868799999996,411.46079999999995,2427.4608,422.5007999999999,True,1
2,,"l’environnement,",234.55588799999992,315.18431999999996,411.46079999999995,2427.4608,422.5007999999999,True,1
2,,à,319.32431999999994,325.46255999999994,411.46079999999995,2427.4608,422.5007999999999,True,1
2,,entreprendre,329.40383999999995,392.51951999999994,411.46079999999995,2427.4608,422.5007999999999,True,1
2,,des,396.4608,414.21311999999995,411.46079999999995,2427.4608,422.5007999999999,True,1
2,,poursuites,418.17758399999997,468.91742399999987,411.46079999999995,2427.4608,422.5007999999999,True,1
2,,pénales,473.00222399999984,511.3871999999999,411.46079999999995,2427.4608,422.5007999999999,True,1
2,,contre,87.72719999999995,118.45814399999995,424.17887999999994,2440.17888,435.2188799999999,True,1
2,,tout,121.44335999999996,139.74988799999997,424.17887999999994,2440.17888,435.2188799999999,True,1
2,,contrevenant,142.80023999999997,206.3232959999999,424.17887999999994,2440.17888,435.2188799999999,True,1
2,,à,209.3736479999999,215.51188799999989,424.17887999999994,2440.17888,435.2188799999999,True,1
2,,toute,218.6086079999999,243.10305599999987,424.17887999999994,2440.17888,435.2188799999999,True,1
2,,disposition,246.20529599999986,298.168368,424.17887999999994,2440.17888,435.2188799999999,True,1
2,,du,301.15468799999996,313.409088,424.17887999999994,2440.17888,435.2188799999999,True,1
2,,présent,316.51132800000005,353.04820800000016,424.17887999999994,2440.17888,435.2188799999999,True,1
2,,règlement.,356.09856000000013,408.12124800000026,424.17887999999994,2440.17888,435.2188799999999,True,1
2,,Article,87.72,124.99199999999999,450.192,2466.192,462.192,True,1
2,,9,131.76,138.432,450.192,2466.192,462.192,True,1
2,,Le,87.71616000000002,99.97056,475.6641599999999,2491.66416,486.7041599999999,True,1
2,,personnel,105.46848000000001,153.85569600000005,475.6641599999999,2491.66416,486.7041599999999,True,1
2,,du,159.20457600000003,171.45897600000006,475.6641599999999,2491.66416,486.7041599999999,True,1
2,,Service,176.95689600000003,213.45403199999998,475.6641599999999,2491.66416,486.7041599999999,True,1
2,,de,218.951952,231.20635199999998,475.6641599999999,2491.66416,486.7041599999999,True,1
2,,l’urbanisme,236.70427199999995,292.8669599999999,475.6641599999999,2491.66416,486.7041599999999,True,1
2,,et,298.3648799999999,307.43423999999993,475.6641599999999,2491.66416,486.7041599999999,True,1
2,,de,313.00502399999993,325.25942399999997,475.6641599999999,2491.66416,486.7041599999999,True,1
2,,l’environnement,330.64032,408.1985280000002,475.6641599999999,2491.66416,486.7041599999999,True,1
2,,est,413.7693120000002,428.3542560000002,475.6641599999999,2491.66416,486.7041599999999,True,1
2,,responsable,433.8047040000002,493.68455999999986,475.6641599999999,2491.66416,486.7041599999999,True,1
2,,de,499.1824799999997,511.3209599999997,475.6641599999999,2491.66416,486.7041599999999,True,1
2,,l'application,87.71616000000002,144.83491200000003,488.2607999999999,2504.2608,499.3007999999999,True,1
2,,du,147.57283200000003,159.82723200000004,488.2607999999999,2504.2608,499.3007999999999,True,1
2,,présent,162.56515200000004,199.33939200000003,488.2607999999999,2504.2608,499.3007999999999,True,1
2,,règlement.,202.03094400000003,254.04700799999995,488.2607999999999,2504.2608,499.3007999999999,True,1
2,,Il,256.73745599999995,262.3082399999999,488.2607999999999,2504.2608,499.3007999999999,True,1
2,,peut,265.0174559999999,286.43505600000003,488.2607999999999,2504.2608,499.3007999999999,True,1
2,,effectuer,289.24584,331.917648,488.2607999999999,2504.2608,499.3007999999999,True,1
2,,toutes,334.721808,364.714176,488.2607999999999,2504.2608,499.3007999999999,True,1
2,,les,367.47417600000006,381.5104320000001,488.2607999999999,2504.2608,499.3007999999999,True,1
2,,inspections,384.2704320000001,439.3534080000002,488.2607999999999,2504.2608,499.3007999999999,True,1
2,,autorisées,442.1134080000001,492.8598719999997,488.2607999999999,2504.2608,499.3007999999999,True,1
2,,par,495.61987199999965,511.29225599999955,488.2607999999999,2504.2608,499.3007999999999,True,1
2,,la,87.71616000000002,96.25449600000002,500.9788799999999,2516.9788799999997,512.0188799999999,True,1
2,,Loi,99.35673600000001,114.03993600000001,500.9788799999999,2516.9788799999997,512.0188799999999,True,1
2,,afin,117.11347200000003,134.892288,500.9788799999999,2516.9788799999997,512.0188799999999,True,1
2,,d’assurer,137.994528,183.17904000000001,500.9788799999999,2516.9788799999997,512.0188799999999,True,1
2,,le,186.22718400000002,194.76552000000004,500.9788799999999,2516.9788799999997,512.0188799999999,True,1
2,,respect,197.86776,233.92881599999998,500.9788799999999,2516.9788799999997,512.0188799999999,True,1
2,,du,237.09950399999997,249.35390399999994,500.9788799999999,2516.9788799999997,512.0188799999999,True,1
2,,présent,252.34022399999992,288.998544,500.9788799999999,2516.9788799999997,512.0188799999999,True,1
2,,règlement.,292.05331199999995,343.9545600000001,500.9788799999999,2516.9788799999997,512.0188799999999,True,1
2,,En,87.71616,101.17392,526.2935999999999,2542.2936,537.3335999999999,True,1
2,,cas,103.91184,121.068,526.2935999999999,2542.2936,537.3335999999999,True,1
2,,de,123.70876800000002,135.963168,526.2935999999999,2542.2936,537.3335999999999,True,1
2,,non-respect,138.585168,196.61582400000003,526.2935999999999,2542.2936,537.3335999999999,True,1
2,,de,199.30737600000003,211.44475200000002,526.2935999999999,2542.2936,537.3335999999999,True,1
2,,l’une,214.18267200000003,237.35342400000005,526.2935999999999,2542.2936,537.3335999999999,True,1
2,,des,240.09134400000005,257.84366400000005,526.2935999999999,2542.2936,537.3335999999999,True,1
2,,dispositions,260.48332800000003,317.82398399999994,526.2935999999999,2542.2936,537.3335999999999,True,1
2,,du,320.583984,332.7213599999999,526.2935999999999,2542.2936,537.3335999999999,True,1
2,,présent,335.4592799999999,372.1176,526.2935999999999,2542.2936,537.3335999999999,True,1
2,,"règlement,",374.687712,426.71040000000005,526.2935999999999,2542.2936,537.3335999999999,True,1
2,,les,429.40084800000005,443.4371040000001,526.2935999999999,2542.2936,537.3335999999999,True,1
2,,responsables,445.9564320000001,511.3331040000002,526.2935999999999,2542.2936,537.3335999999999,True,1
2,,de,87.71616000000003,99.97056000000002,538.8902399999998,2554.8902399999997,549.9302399999999,True,1
2,,l’application,103.30795200000003,160.66627200000005,538.8902399999998,2554.8902399999997,549.9302399999999,True,1
2,,peuvent,164.00366400000007,203.053248,538.8902399999998,2554.8902399999997,549.9302399999999,True,1
2,,révoquer,206.463504,249.84628799999996,538.8902399999998,2554.8902399999997,549.9302399999999,True,1
2,,ou,253.24991999999995,265.5043199999999,538.8902399999998,2554.8902399999997,549.9302399999999,True,1
2,,suspendre,268.72579199999996,320.08828800000003,538.8902399999998,2554.8902399999997,549.9302399999999,True,1
2,,pour,323.39808,345.30695999999995,538.8902399999998,2554.8902399999997,549.9302399999999,True,1
2,,une,348.710592,367.081152,538.8902399999998,2554.8902399999997,549.9302399999999,True,1
2,,période,370.302624,406.909056,538.8902399999998,2554.8902399999997,549.9302399999999,True,1
2,,pouvant,410.246448,449.29603199999997,538.8902399999998,2554.8902399999997,549.9302399999999,True,1
2,,aller,452.58705599999996,473.2958879999999,538.8902399999998,2554.8902399999997,549.9302399999999,True,1
2,,jusqu’à,476.5802879999999,511.3894079999999,538.8902399999998,2554.8902399999997,549.9302399999999,True,1
2,,un,87.71616000000003,99.97056000000002,551.4868799999998,2567.48688,562.5268799999999,True,1
2,,an,103.07280000000003,115.32720000000002,551.4868799999998,2567.48688,562.5268799999999,True,1
2,,le,118.45152000000003,126.98985600000003,551.4868799999998,2567.48688,562.5268799999999,True,1
2,,droit,130.09209600000003,151.39708800000005,551.4868799999998,2567.48688,562.5268799999999,True,1
2,,d’aménager,154.44744000000003,212.46705599999999,551.4868799999998,2567.48688,562.5268799999999,True,1
2,,une,215.635536,234.00609599999996,551.4868799999998,2567.48688,562.5268799999999,True,1
2,,terrasse.,236.99241599999993,279.77904,551.4868799999998,2567.48688,562.5268799999999,True,1
2,,En,87.71616000000002,101.17392000000001,576.8015999999998,2592.8016,587.8415999999997,True,1
2,,cas,105.95424000000001,123.11040000000001,576.8015999999998,2592.8016,587.8415999999997,True,1
2,,de,127.91280000000002,140.16720000000004,576.8015999999998,2592.8016,587.8415999999997,True,1
2,,récidive,144.83049600000004,182.64139200000005,576.8015999999998,2592.8016,587.8415999999997,True,1
2,,ou,187.421712,199.67611200000005,576.8015999999998,2592.8016,587.8415999999997,True,1
2,,de,204.456432,216.59491200000002,576.8015999999998,2592.8016,587.8415999999997,True,1
2,,manquements,221.37523199999998,291.079584,576.8015999999998,2592.8016,587.8415999999997,True,1
2,,répétés,295.881984,332.61206400000003,576.8015999999998,2592.8016,587.8415999999997,True,1
2,,à,337.31951999999995,343.45775999999995,576.8015999999998,2592.8016,587.8415999999997,True,1
2,,une,348.23807999999997,366.60864,576.8015999999998,2592.8016,587.8415999999997,True,1
2,,ou,371.38895999999994,383.64336,576.8015999999998,2592.8016,587.8415999999997,True,1
2,,plusieurs,388.30776,432.33196799999996,576.8015999999998,2592.8016,587.8415999999997,True,1
2,,dispositions,437.011824,494.4728159999999,576.8015999999998,2592.8016,587.8415999999997,True,1
2,,du,499.2752159999999,511.41369599999996,576.8015999999998,2592.8016,587.8415999999997,True,1
2,,présent,87.71615999999995,124.49039999999995,589.5196799999998,2605.51968,600.5596799999998,True,1
2,,"règlement,",131.98214399999995,184.00151999999997,589.5196799999998,2605.51968,600.5596799999998,True,1
2,,les,191.49547199999995,205.53062399999996,589.5196799999998,2605.51968,600.5596799999998,True,1
2,,responsables,213.09302399999996,278.5856159999999,589.5196799999998,2605.51968,600.5596799999998,True,1
2,,de,286.1491199999999,298.4035199999999,589.5196799999998,2605.51968,600.5596799999998,True,1
2,,l’application,305.9438399999999,363.1873440000001,589.5196799999998,2605.51968,600.5596799999998,True,1
2,,peuvent,370.7276640000001,409.7772480000002,589.5196799999998,2605.51968,600.5596799999998,True,1
2,,interdire,417.3904320000002,457.1211840000002,589.5196799999998,2605.51968,600.5596799999998,True,1
2,,de,464.6615040000001,476.915904,589.5196799999998,2605.51968,600.5596799999998,True,1
2,,façon,484.3336799999999,511.46447999999975,589.5196799999998,2605.51968,600.5596799999998,True,1
2,,"permanente,",87.71615999999995,149.58431999999996,602.1163199999997,2618.1163199999996,613.1563199999998,True,1
2,,et,152.64239999999995,161.82767999999996,602.1163199999997,2618.1163199999996,613.1563199999998,True,1
2,,sans,164.88355199999995,188.15587199999996,602.1163199999997,2618.1163199999996,613.1563199999998,True,1
2,,"appel,",191.15985599999996,220.97779199999997,602.1163199999997,2618.1163199999996,613.1563199999998,True,1
2,,le,224.17497599999996,232.71331199999997,602.1163199999997,2618.1163199999996,613.1563199999998,True,1
2,,droit,235.81555199999997,257.11723199999994,602.1163199999997,2618.1163199999996,613.1563199999998,True,1
2,,d’aménager,260.2923359999999,318.3130559999998,602.1163199999997,2618.1163199999996,613.1563199999998,True,1
2,,une,321.48153599999983,339.73617599999983,602.1163199999997,2618.1163199999996,613.1563199999998,True,1
2,,terrasse,342.8604959999999,382.7049599999999,602.1163199999997,2618.1163199999996,613.1563199999998,True,1
2,,à,385.68575999999996,391.82399999999996,602.1163199999997,2618.1163199999996,613.1563199999998,True,1
2,,tout,394.80259199999995,413.10801599999996,602.1163199999997,2618.1163199999996,613.1563199999998,True,1
2,,exploitant.,416.28311999999994,466.3716,602.1163199999997,2618.1163199999996,613.1563199999998,True,1
2,,"1290-1,",87.72,118.2633,628.344,2644.344,637.344,True,1
2,,a.7;,120.8013,136.2786,628.344,2644.344,637.344,True,1
2,,Article,87.72,124.99199999999999,652.3919000000001,2668.3919,664.3919000000001,True,1
2,,10,131.76,145.15200000000002,652.3919000000001,2668.3919,664.3919000000001,True,1
2,,Entrée,172.68,207.01771200000002,652.99094,2668.99094,664.0309400000001,True,1
2,,en,210.119952,222.98155200000002,652.99094,2668.99094,664.0309400000001,True,1
2,,vigueur,225.961248,265.661088,652.99094,2668.99094,664.0309400000001,True,1
2,,Le,87.71616,99.97055999999999,677.86406,2693.86406,688.9040600000001,True,1
2,,présent,103.0728,139.730016,677.86406,2693.86406,688.9040600000001,True,1
2,,règlement,142.780368,191.682048,677.86406,2693.86406,688.9040600000001,True,1
2,,entre,194.85715199999999,219.83183999999994,677.86406,2693.86406,688.9040600000001,True,1
2,,en,222.93407999999994,235.1884799999999,677.86406,2693.86406,688.9040600000001,True,1
2,,vigueur,238.1747999999999,274.2391679999999,677.86406,2693.86406,688.9040600000001,True,1
2,,conformément,277.28179199999994,347.53924800000004,677.86406,2693.86406,688.9040600000001,True,1
2,,à,350.714352,356.852592,677.86406,2693.86406,688.9040600000001,True,1
2,,la,359.83891200000005,368.37724800000007,677.86406,2693.86406,688.9040600000001,True,1
2,,loi.,371.4794880000001,385.4649600000002,677.86406,2693.86406,688.9040600000001,True,1
2,,Codification,45.12,87.02448,975.813,2991.813,983.853,True,1
2,,administrative,89.27568,138.61957200000003,975.813,2991.813,983.853,True,1
2,,(au,140.87077200000004,152.41942800000004,975.813,2991.813,983.853,True,1
2,,1290-1),154.70278800000006,182.07336,975.813,2991.813,983.853,True,1
2,,Page,485.99339999999995,504.73946399999994,975.813,2991.813,983.853,True,1
2,,3,506.99387999999993,511.4641199999999,975.813,2991.813,983.853,True,1
