tag,text,page,page_width,page_height,r,g,b,x0,x1,top,doctop,bottom,upright,direction
,RÈGLEMENT,1,604,995,0,0,0,305,391,31,31,45,True,1
,1324,1,604,995,0,0,0,395,426,31,31,45,True,1
,relatif,1,604,995,0,0,0,230,257,59,59,70,True,1
,au,1,604,995,0,0,0,262,274,59,59,70,True,1
,paiement,1,604,995,0,0,0,278,323,59,59,70,True,1
,d’une,1,604,995,0,0,0,328,354,59,59,70,True,1
,contribution,1,604,995,0,0,0,359,416,59,59,70,True,1
,pour,1,604,995,0,0,0,420,442,59,59,70,True,1
,financer,1,604,995,0,0,0,446,485,59,59,70,True,1
,en,1,604,995,0,0,0,490,502,59,59,70,True,1
,tout,1,604,995,0,0,0,230,249,72,72,83,True,1
,ou,1,604,995,0,0,0,259,272,72,72,83,True,1
,en,1,604,995,0,0,0,282,295,72,72,83,True,1
,partie,1,604,995,0,0,0,305,333,72,72,83,True,1
,une,1,604,995,0,0,0,343,362,72,72,83,True,1
,dépense,1,604,995,0,0,0,372,415,72,72,83,True,1
,liée,1,604,995,0,0,0,425,442,72,72,83,True,1
,à,1,604,995,0,0,0,453,459,72,72,83,True,1
,"l’ajout,",1,604,995,0,0,0,470,502,72,72,83,True,1
,l’agrandissement,1,604,995,0,0,0,230,314,85,85,96,True,1
,ou,1,604,995,0,0,0,317,329,85,85,96,True,1
,la,1,604,995,0,0,0,333,342,85,85,96,True,1
,modification,1,604,995,0,0,0,345,404,85,85,96,True,1
,d’infrastructures,1,604,995,0,0,0,408,486,85,85,96,True,1
,ou,1,604,995,0,0,0,489,502,85,85,96,True,1
,d’équipements,1,604,995,0,0,0,230,302,97,97,108,True,1
,municipaux,1,604,995,0,0,0,305,361,97,97,108,True,1
,Séance,1,604,995,0,0,0,113,151,136,136,147,True,1
,ordinaire,1,604,995,0,0,0,156,198,136,136,147,True,1
,du,1,604,995,0,0,0,203,215,136,136,147,True,1
,conseil,1,604,995,0,0,0,220,254,136,136,147,True,1
,"municipal,",1,604,995,0,0,0,259,308,136,136,147,True,1
,tenue,1,604,995,0,0,0,313,341,136,136,147,True,1
,publiquement,1,604,995,0,0,0,346,412,136,136,147,True,1
,le,1,604,995,0,0,0,416,425,136,136,147,True,1
,19,1,604,995,0,0,0,430,442,136,136,147,True,1
,avril,1,604,995,0,0,0,447,467,136,136,147,True,1
,2022,1,604,995,0,0,0,471,496,136,136,147,True,1
,à,1,604,995,0,0,0,501,507,136,136,147,True,1
,"19h,",1,604,995,0,0,0,512,533,136,136,147,True,1
,dans,1,604,995,0,0,0,113,137,148,148,160,True,1
,la,1,604,995,0,0,0,141,150,148,148,160,True,1
,salle,1,604,995,0,0,0,153,176,148,148,160,True,1
,du,1,604,995,0,0,0,179,192,148,148,160,True,1
,conseil,1,604,995,0,0,0,195,230,148,148,160,True,1
,municipal,1,604,995,0,0,0,233,280,148,148,160,True,1
,située,1,604,995,0,0,0,284,313,148,148,160,True,1
,au,1,604,995,0,0,0,317,329,148,148,160,True,1
,"1386,",1,604,995,0,0,0,333,360,148,148,160,True,1
,rue,1,604,995,0,0,0,364,380,148,148,160,True,1
,"Dumouchel,",1,604,995,0,0,0,384,442,148,148,160,True,1
,"Sainte-Adèle,",1,604,995,0,0,0,446,512,148,148,160,True,1
,lieu,1,604,995,0,0,0,516,533,148,148,160,True,1
,ordinaire,1,604,995,0,0,0,113,156,161,161,172,True,1
,des,1,604,995,0,0,0,162,180,161,161,172,True,1
,séances,1,604,995,0,0,0,186,227,161,161,172,True,1
,à,1,604,995,0,0,0,232,239,161,161,172,True,1
,laquelle,1,604,995,0,0,0,244,282,161,161,172,True,1
,sont,1,604,995,0,0,0,288,309,161,161,172,True,1
,présents,1,604,995,0,0,0,315,357,161,161,172,True,1
,les,1,604,995,0,0,0,363,377,161,161,172,True,1
,membres,1,604,995,0,0,0,383,429,161,161,172,True,1
,du,1,604,995,0,0,0,434,447,161,161,172,True,1
,conseil,1,604,995,0,0,0,452,487,161,161,172,True,1
,suivants,1,604,995,0,0,0,492,533,161,161,172,True,1
,formant,1,604,995,0,0,0,113,151,174,174,185,True,1
,le,1,604,995,0,0,0,154,162,174,174,185,True,1
,quorum:,1,604,995,0,0,0,165,206,174,174,185,True,1
,Madame,1,604,995,0,0,0,113,156,199,199,210,True,1
,Arielle,1,604,995,0,0,0,159,190,199,199,210,True,1
,Beaudin,1,604,995,0,0,0,193,233,199,199,210,True,1
,Conseillère,1,604,995,0,0,0,326,381,199,199,210,True,1
,du,1,604,995,0,0,0,384,396,199,199,210,True,1
,district,1,604,995,0,0,0,399,431,199,199,210,True,1
,2,1,604,995,0,0,0,434,440,199,199,210,True,1
,Monsieur,1,604,995,0,0,0,113,159,212,212,223,True,1
,Alexandre,1,604,995,0,0,0,162,211,212,212,223,True,1
,Laganière,1,604,995,0,0,0,214,263,212,212,223,True,1
,Conseiller,1,604,995,0,0,0,326,375,212,212,223,True,1
,du,1,604,995,0,0,0,378,390,212,212,223,True,1
,district,1,604,995,0,0,0,393,425,212,212,223,True,1
,3,1,604,995,0,0,0,428,434,212,212,223,True,1
,Monsieur,1,604,995,0,0,0,113,159,224,224,235,True,1
,Gaëtan,1,604,995,0,0,0,162,198,224,224,235,True,1
,Gagné,1,604,995,0,0,0,201,234,224,224,235,True,1
,Conseiller,1,604,995,0,0,0,326,375,224,224,235,True,1
,du,1,604,995,0,0,0,378,390,224,224,235,True,1
,district,1,604,995,0,0,0,393,425,224,224,235,True,1
,5,1,604,995,0,0,0,428,434,224,224,235,True,1
,Monsieur,1,604,995,0,0,0,113,159,237,237,248,True,1
,David,1,604,995,0,0,0,162,190,237,237,248,True,1
,Huggins-Daines,1,604,995,0,0,0,193,271,237,237,248,True,1
,Conseiller,1,604,995,0,0,0,326,375,237,237,248,True,1
,du,1,604,995,0,0,0,378,390,237,237,248,True,1
,district,1,604,995,0,0,0,393,425,237,237,248,True,1
,6,1,604,995,0,0,0,428,434,237,237,248,True,1
,Messieurs,1,604,995,0,0,0,113,164,262,262,273,True,1
,les,1,604,995,0,0,0,169,183,262,262,273,True,1
,conseillers,1,604,995,0,0,0,188,240,262,262,273,True,1
,Richard,1,604,995,0,0,0,245,283,262,262,273,True,1
,Allard,1,604,995,0,0,0,289,317,262,262,273,True,1
,et,1,604,995,0,0,0,322,331,262,262,273,True,1
,Jean-François,1,604,995,0,0,0,336,406,262,262,273,True,1
,Robillard,1,604,995,0,0,0,412,455,262,262,273,True,1
,sont,1,604,995,0,0,0,460,481,262,262,273,True,1
,absents,1,604,995,0,0,0,486,525,262,262,273,True,1
,pendant,1,604,995,0,0,0,113,153,275,275,286,True,1
,toute,1,604,995,0,0,0,156,181,275,275,286,True,1
,la,1,604,995,0,0,0,184,192,275,275,286,True,1
,durée,1,604,995,0,0,0,195,224,275,275,286,True,1
,de,1,604,995,0,0,0,227,239,275,275,286,True,1
,la,1,604,995,0,0,0,242,250,275,275,286,True,1
,séance.,1,604,995,0,0,0,254,292,275,275,286,True,1
,sous,1,604,995,0,0,0,113,137,300,300,311,True,1
,la,1,604,995,0,0,0,140,148,300,300,311,True,1
,présidence,1,604,995,0,0,0,151,205,300,300,311,True,1
,de,1,604,995,0,0,0,208,221,300,300,311,True,1
,madame,1,604,995,0,0,0,224,266,300,300,311,True,1
,la,1,604,995,0,0,0,270,278,300,300,311,True,1
,mairesse,1,604,995,0,0,0,281,326,300,300,311,True,1
,Michèle,1,604,995,0,0,0,329,367,300,300,311,True,1
,Lalonde.,1,604,995,0,0,0,370,412,300,300,311,True,1
,ATTENDU,1,604,995,0,0,0,113,165,326,326,337,True,1
,QUE,1,604,995,0,0,0,170,194,326,326,337,True,1
,la,1,604,995,0,0,0,199,207,326,326,337,True,1
,Ville,1,604,995,0,0,0,212,232,326,326,337,True,1
,doit,1,604,995,0,0,0,237,255,326,326,337,True,1
,financer,1,604,995,0,0,0,259,298,326,326,337,True,1
,"l’ajout,",1,604,995,0,0,0,303,335,326,326,337,True,1
,l’agrandissement,1,604,995,0,0,0,339,423,326,326,337,True,1
,ou,1,604,995,0,0,0,427,440,326,326,337,True,1
,la,1,604,995,0,0,0,444,453,326,326,337,True,1
,modification,1,604,995,0,0,0,457,516,326,326,337,True,1
,de,1,604,995,0,0,0,521,533,326,326,337,True,1
,nombreuses,1,604,995,0,0,0,113,174,338,338,349,True,1
,infrastructures,1,604,995,0,0,0,178,247,338,338,349,True,1
,ou,1,604,995,0,0,0,251,263,338,338,349,True,1
,l’achat,1,604,995,0,0,0,267,299,338,338,349,True,1
,d’équipements,1,604,995,0,0,0,302,374,338,338,349,True,1
,municipaux,1,604,995,0,0,0,378,433,338,338,349,True,1
,rendus,1,604,995,0,0,0,437,471,338,338,349,True,1
,nécessaires,1,604,995,0,0,0,474,533,338,338,349,True,1
,en,1,604,995,0,0,0,113,126,351,351,362,True,1
,raison,1,604,995,0,0,0,129,159,351,351,362,True,1
,de,1,604,995,0,0,0,162,174,351,351,362,True,1
,sa,1,604,995,0,0,0,177,189,351,351,362,True,1
,croissance;,1,604,995,0,0,0,192,247,351,351,362,True,1
,ATTENDU,1,604,995,0,0,0,113,165,376,376,387,True,1
,QUE,1,604,995,0,0,0,169,193,376,376,387,True,1
,l’article,1,604,995,0,0,0,197,231,376,376,387,True,1
,145.21,1,604,995,0,0,0,234,268,376,376,387,True,1
,de,1,604,995,0,0,0,272,284,376,376,387,True,1
,la,1,604,995,0,0,0,288,296,376,376,387,True,1
,Loi,1,604,995,0,0,0,300,315,376,376,387,True,1
,sur,1,604,995,0,0,0,318,334,376,376,387,True,1
,l’aménagement,1,604,995,0,0,0,337,412,376,376,387,True,1
,et,1,604,995,0,0,0,416,425,376,376,387,True,1
,l’urbanisme,1,604,995,0,0,0,429,485,376,376,387,True,1
,permet,1,604,995,0,0,0,489,523,376,376,387,True,1
,à,1,604,995,0,0,0,527,533,376,376,387,True,1
,la,1,604,995,0,0,0,113,122,389,389,400,True,1
,Ville,1,604,995,0,0,0,125,146,389,389,400,True,1
,d’assujettir,1,604,995,0,0,0,149,202,389,389,400,True,1
,la,1,604,995,0,0,0,205,213,389,389,400,True,1
,délivrance,1,604,995,0,0,0,216,266,389,389,400,True,1
,d’un,1,604,995,0,0,0,270,290,389,389,400,True,1
,permis,1,604,995,0,0,0,293,326,389,389,400,True,1
,de,1,604,995,0,0,0,330,342,389,389,400,True,1
,construction,1,604,995,0,0,0,345,404,389,389,400,True,1
,ou,1,604,995,0,0,0,407,420,389,389,400,True,1
,de,1,604,995,0,0,0,423,435,389,389,400,True,1
,lotissement,1,604,995,0,0,0,438,494,389,389,400,True,1
,ou,1,604,995,0,0,0,497,509,389,389,400,True,1
,d’un,1,604,995,0,0,0,512,533,389,389,400,True,1
,certificat,1,604,995,0,0,0,113,154,401,401,413,True,1
,d’autorisation,1,604,995,0,0,0,161,226,401,401,413,True,1
,ou,1,604,995,0,0,0,232,244,401,401,413,True,1
,d’occupation,1,604,995,0,0,0,250,312,401,401,413,True,1
,au,1,604,995,0,0,0,318,330,401,401,413,True,1
,paiement,1,604,995,0,0,0,337,382,401,401,413,True,1
,d’une,1,604,995,0,0,0,388,415,401,401,413,True,1
,contribution,1,604,995,0,0,0,421,478,401,401,413,True,1
,monétaire,1,604,995,0,0,0,484,533,401,401,413,True,1
,pour,1,604,995,0,0,0,113,135,414,414,425,True,1
,des,1,604,995,0,0,0,143,161,414,414,425,True,1
,dépenses,1,604,995,0,0,0,168,216,414,414,425,True,1
,liées,1,604,995,0,0,0,223,246,414,414,425,True,1
,à,1,604,995,0,0,0,254,260,414,414,425,True,1
,l’accroissement,1,604,995,0,0,0,267,343,414,414,425,True,1
,des,1,604,995,0,0,0,351,368,414,414,425,True,1
,services,1,604,995,0,0,0,376,416,414,414,425,True,1
,municipaux,1,604,995,0,0,0,424,479,414,414,425,True,1
,liés,1,604,995,0,0,0,487,503,414,414,425,True,1
,à,1,604,995,0,0,0,511,517,414,414,425,True,1
,la,1,604,995,0,0,0,525,533,414,414,425,True,1
,croissance;,1,604,995,0,0,0,113,169,427,427,438,True,1
,ATTENDU,1,604,995,0,0,0,113,165,452,452,463,True,1
,QUE,1,604,995,0,0,0,169,193,452,452,463,True,1
,l’avis,1,604,995,0,0,0,196,221,452,452,463,True,1
,de,1,604,995,0,0,0,224,237,452,452,463,True,1
,motion,1,604,995,0,0,0,240,273,452,452,463,True,1
,du,1,604,995,0,0,0,277,289,452,452,463,True,1
,présent,1,604,995,0,0,0,293,329,452,452,463,True,1
,règlement,1,604,995,0,0,0,333,382,452,452,463,True,1
,a,1,604,995,0,0,0,385,392,452,452,463,True,1
,été,1,604,995,0,0,0,395,410,452,452,463,True,1
,donné,1,604,995,0,0,0,414,445,452,452,463,True,1
,lors,1,604,995,0,0,0,448,466,452,452,463,True,1
,de,1,604,995,0,0,0,469,482,452,452,463,True,1
,la,1,604,995,0,0,0,485,494,452,452,463,True,1
,séance,1,604,995,0,0,0,497,533,452,452,463,True,1
,ordinaire,1,604,995,0,0,0,113,156,465,465,476,True,1
,du,1,604,995,0,0,0,159,172,465,465,476,True,1
,21,1,604,995,0,0,0,175,187,465,465,476,True,1
,février,1,604,995,0,0,0,190,221,465,465,476,True,1
,2022,1,604,995,0,0,0,224,248,465,465,476,True,1
,par,1,604,995,0,0,0,251,267,465,465,476,True,1
,monsieur,1,604,995,0,0,0,270,315,465,465,476,True,1
,le,1,604,995,0,0,0,318,327,465,465,476,True,1
,conseiller,1,604,995,0,0,0,330,376,465,465,476,True,1
,David,1,604,995,0,0,0,379,407,465,465,476,True,1
,Huggins-Daines;,1,604,995,0,0,0,411,492,465,465,476,True,1
,LE,1,604,995,0,0,0,113,127,489,489,501,True,1
,CONSEIL,1,604,995,0,0,0,134,183,489,489,501,True,1
,MUNICIPAL,1,604,995,0,0,0,190,250,489,489,501,True,1
,décrète,1,604,995,0,0,0,258,295,489,489,501,True,1
,qu’il,1,604,995,0,0,0,302,321,489,489,501,True,1
,soit,1,604,995,0,0,0,329,346,489,489,501,True,1
,statué,1,604,995,0,0,0,354,384,489,489,501,True,1
,et,1,604,995,0,0,0,391,400,489,489,501,True,1
,ordonné,1,604,995,0,0,0,408,448,489,489,501,True,1
,par,1,604,995,0,0,0,456,471,489,489,501,True,1
,le,1,604,995,0,0,0,479,488,489,489,501,True,1
,présent,1,604,995,0,0,0,495,532,489,489,501,True,1
,règlement,1,604,995,0,0,0,113,162,502,502,513,True,1
,ce,1,604,995,0,0,0,166,177,502,502,513,True,1
,qui,1,604,995,0,0,0,180,195,502,502,513,True,1
,suit,1,604,995,0,0,0,198,215,502,502,513,True,1
,:,1,604,995,0,0,0,218,221,502,502,513,True,1
,ARTICLE,1,604,995,0,0,0,113,165,535,535,547,True,1
,1,1,604,995,0,0,0,169,176,535,535,547,True,1
,:,1,604,995,0,0,0,179,183,535,535,547,True,1
,Objet,1,604,995,0,0,0,184,215,535,535,547,True,1
,Le,1,604,995,0,0,0,113,126,562,562,573,True,1
,présent,1,604,995,0,0,0,136,173,562,562,573,True,1
,règlement,1,604,995,0,0,0,184,233,562,562,573,True,1
,a,1,604,995,0,0,0,243,249,562,562,573,True,1
,pour,1,604,995,0,0,0,260,282,562,562,573,True,1
,objet,1,604,995,0,0,0,293,316,562,562,573,True,1
,de,1,604,995,0,0,0,327,339,562,562,573,True,1
,financer,1,604,995,0,0,0,350,389,562,562,573,True,1
,l’agrandissement,1,604,995,0,0,0,400,483,562,562,573,True,1
,ou,1,604,995,0,0,0,493,506,562,562,573,True,1
,la,1,604,995,0,0,0,516,525,562,562,573,True,1
,modification,1,604,995,0,0,0,113,172,574,574,585,True,1
,d’infrastructures,1,604,995,0,0,0,177,255,574,574,585,True,1
,ou,1,604,995,0,0,0,260,272,574,574,585,True,1
,d’équipements,1,604,995,0,0,0,277,348,574,574,585,True,1
,municipaux,1,604,995,0,0,0,353,409,574,574,585,True,1
,requis,1,604,995,0,0,0,413,443,574,574,585,True,1
,pour,1,604,995,0,0,0,448,470,574,574,585,True,1
,assurer,1,604,995,0,0,0,475,512,574,574,585,True,1
,la,1,604,995,0,0,0,516,525,574,574,585,True,1
,prestation,1,604,995,0,0,0,113,162,587,587,598,True,1
,accrue,1,604,995,0,0,0,166,199,587,587,598,True,1
,de,1,604,995,0,0,0,203,215,587,587,598,True,1
,services,1,604,995,0,0,0,219,259,587,587,598,True,1
,municipaux,1,604,995,0,0,0,263,319,587,587,598,True,1
,découlant,1,604,995,0,0,0,323,371,587,587,598,True,1
,de,1,604,995,0,0,0,375,387,587,587,598,True,1
,l’intervention,1,604,995,0,0,0,391,453,587,587,598,True,1
,visée,1,604,995,0,0,0,457,482,587,587,598,True,1
,par,1,604,995,0,0,0,486,502,587,587,598,True,1
,une,1,604,995,0,0,0,506,525,587,587,598,True,1
,demande,1,604,995,0,0,0,113,159,600,600,611,True,1
,de,1,604,995,0,0,0,168,181,600,600,611,True,1
,permis,1,604,995,0,0,0,190,223,600,600,611,True,1
,en,1,604,995,0,0,0,232,244,600,600,611,True,1
,assujettissant,1,604,995,0,0,0,253,320,600,600,611,True,1
,certains,1,604,995,0,0,0,329,368,600,600,611,True,1
,travaux,1,604,995,0,0,0,377,413,600,600,611,True,1
,au,1,604,995,0,0,0,422,434,600,600,611,True,1
,paiement,1,604,995,0,0,0,444,489,600,600,611,True,1
,d’une,1,604,995,0,0,0,498,525,600,600,611,True,1
,contribution.,1,604,995,0,0,0,113,173,612,612,623,True,1
,ARTICLE,1,604,995,0,0,0,113,165,653,653,665,True,1
,2,1,604,995,0,0,0,169,176,653,653,665,True,1
,:,1,604,995,0,0,0,179,183,653,653,665,True,1
,Application,1,604,995,0,0,0,186,251,653,653,665,True,1
,Le,1,604,995,0,0,0,113,126,680,680,691,True,1
,règlement,1,604,995,0,0,0,132,181,680,680,691,True,1
,s’applique,1,604,995,0,0,0,187,237,680,680,691,True,1
,à,1,604,995,0,0,0,243,249,680,680,691,True,1
,l’ensemble,1,604,995,0,0,0,255,308,680,680,691,True,1
,des,1,604,995,0,0,0,314,332,680,680,691,True,1
,immeubles,1,604,995,0,0,0,338,391,680,680,691,True,1
,reliés,1,604,995,0,0,0,398,424,680,680,691,True,1
,au,1,604,995,0,0,0,430,443,680,680,691,True,1
,réseau,1,604,995,0,0,0,449,482,680,680,691,True,1
,d’égout,1,604,995,0,0,0,489,525,680,680,691,True,1
,amenant,1,604,995,0,0,0,113,156,693,693,704,True,1
,au,1,604,995,0,0,0,159,172,693,693,704,True,1
,traitement,1,604,995,0,0,0,175,224,693,693,704,True,1
,des,1,604,995,0,0,0,227,244,693,693,704,True,1
,eaux,1,604,995,0,0,0,247,271,693,693,704,True,1
,à,1,604,995,0,0,0,274,281,693,693,704,True,1
,l’usine,1,604,995,0,0,0,284,315,693,693,704,True,1
,d’épuration,1,604,995,0,0,0,318,372,693,693,704,True,1
,Mont-Rolland.,1,604,995,0,0,0,375,444,693,693,704,True,1
,ARTICLE,1,604,995,0,0,0,113,165,733,733,745,True,1
,3,1,604,995,0,0,0,169,176,733,733,745,True,1
,:,1,604,995,0,0,0,179,183,733,733,745,True,1
,Travaux,1,604,995,0,0,0,186,232,733,733,745,True,1
,assujettis,1,604,995,0,0,0,235,291,733,733,745,True,1
,La,1,604,995,0,0,0,113,126,761,761,772,True,1
,délivrance,1,604,995,0,0,0,130,180,761,761,772,True,1
,d’un,1,604,995,0,0,0,185,206,761,761,772,True,1
,permis,1,604,995,0,0,0,210,243,761,761,772,True,1
,de,1,604,995,0,0,0,247,260,761,761,772,True,1
,construction,1,604,995,0,0,0,264,323,761,761,772,True,1
,ou,1,604,995,0,0,0,328,340,761,761,772,True,1
,certificat,1,604,995,0,0,0,344,385,761,761,772,True,1
,d’autorisation,1,604,995,0,0,0,389,455,761,761,772,True,1
,est,1,604,995,0,0,0,459,474,761,761,772,True,1
,assujettie,1,604,995,0,0,0,478,525,761,761,772,True,1
,au,1,604,995,0,0,0,113,126,773,773,784,True,1
,paiement,1,604,995,0,0,0,133,178,773,773,784,True,1
,par,1,604,995,0,0,0,185,201,773,773,784,True,1
,le,1,604,995,0,0,0,208,217,773,773,784,True,1
,"requérant,",1,604,995,0,0,0,224,274,773,773,784,True,1
,au,1,604,995,0,0,0,282,294,773,773,784,True,1
,moment,1,604,995,0,0,0,301,341,773,773,784,True,1
,de,1,604,995,0,0,0,348,360,773,773,784,True,1
,la,1,604,995,0,0,0,367,376,773,773,784,True,1
,demande,1,604,995,0,0,0,383,429,773,773,784,True,1
,de,1,604,995,0,0,0,436,448,773,773,784,True,1
,"permis,",1,604,995,0,0,0,455,491,773,773,784,True,1
,d’une,1,604,995,0,0,0,498,525,773,773,784,True,1
,contribution,1,604,995,0,0,0,113,170,786,786,797,True,1
,à,1,604,995,0,0,0,174,180,786,786,797,True,1
,l’égard,1,604,995,0,0,0,183,216,786,786,797,True,1
,des,1,604,995,0,0,0,218,236,786,786,797,True,1
,travaux,1,604,995,0,0,0,239,275,786,786,797,True,1
,suivants,1,604,995,0,0,0,278,319,786,786,797,True,1
,:,1,604,995,0,0,0,322,325,786,786,797,True,1
,1°,1,604,995,0,0,0,113,124,814,814,825,True,1
,La,1,604,995,0,0,0,127,139,814,814,825,True,1
,construction,1,604,995,0,0,0,142,202,814,814,825,True,1
,d’une,1,604,995,0,0,0,205,232,814,814,825,True,1
,unité,1,604,995,0,0,0,235,258,814,814,825,True,1
,de,1,604,995,0,0,0,262,274,814,814,825,True,1
,logement;,1,604,995,0,0,0,277,325,814,814,825,True,1
,2°,1,604,995,0,0,0,113,124,839,839,850,True,1
,L’ajout,1,604,995,0,0,0,129,161,839,839,850,True,1
,d’une,1,604,995,0,0,0,166,193,839,839,850,True,1
,unité,1,604,995,0,0,0,197,221,839,839,850,True,1
,de,1,604,995,0,0,0,226,238,839,839,850,True,1
,logement,1,604,995,0,0,0,243,288,839,839,850,True,1
,et,1,604,995,0,0,0,293,302,839,839,850,True,1
,"ceci,",1,604,995,0,0,0,306,329,839,839,850,True,1
,excluant,1,604,995,0,0,0,334,375,839,839,850,True,1
,les,1,604,995,0,0,0,381,395,839,839,850,True,1
,logements,1,604,995,0,0,0,401,451,839,839,850,True,1
,accessoires,1,604,995,0,0,0,456,514,839,839,850,True,1
,à,1,604,995,0,0,0,519,525,839,839,850,True,1
,l’habitation,1,604,995,0,0,0,113,166,852,852,863,True,1
,unifamiliale;,1,604,995,0,0,0,169,227,852,852,863,True,1
,3°,1,604,995,0,0,0,113,124,877,877,888,True,1
,La,1,604,995,0,0,0,128,140,877,877,888,True,1
,construction,1,604,995,0,0,0,144,204,877,877,888,True,1
,ou,1,604,995,0,0,0,208,220,877,877,888,True,1
,l’aménagement,1,604,995,0,0,0,224,299,877,877,888,True,1
,d’une,1,604,995,0,0,0,303,330,877,877,888,True,1
,suite,1,604,995,0,0,0,334,358,877,877,888,True,1
,non,1,604,995,0,0,0,362,380,877,877,888,True,1
,résidentielle,1,604,995,0,0,0,384,443,877,877,888,True,1
,sur,1,604,995,0,0,0,447,462,877,877,888,True,1
,un,1,604,995,0,0,0,466,478,877,877,888,True,1
,nouveau,1,604,995,0,0,0,482,525,877,877,888,True,1
,bâtiment,1,604,995,0,0,0,113,156,889,889,901,True,1
,ou,1,604,995,0,0,0,161,174,889,889,901,True,1
,dans,1,604,995,0,0,0,179,203,889,889,901,True,1
,un,1,604,995,0,0,0,208,221,889,889,901,True,1
,bâtiment,1,604,995,0,0,0,226,268,889,889,901,True,1
,existant,1,604,995,0,0,0,274,312,889,889,901,True,1
,ou,1,604,995,0,0,0,317,330,889,889,901,True,1
,son,1,604,995,0,0,0,335,353,889,889,901,True,1
,"agrandissement,",1,604,995,0,0,0,358,440,889,889,901,True,1
,augmentant,1,604,995,0,0,0,445,503,889,889,901,True,1
,par,1,604,995,0,0,0,509,524,889,889,901,True,1
,conséquent,1,604,995,0,0,0,113,170,902,902,913,True,1
,le,1,604,995,0,0,0,174,182,902,902,913,True,1
,débit,1,604,995,0,0,0,185,209,902,902,913,True,1
,théorique.,1,604,995,0,0,0,212,261,902,902,913,True,1
B-Pied,Règlement,1,604,995,0,0,0,113,150,939,939,947,True,1
I-Pied,1324,1,604,995,0,0,0,152,170,939,939,947,True,1
I-Pied,–Contribution,1,604,995,0,0,0,171,219,939,939,947,True,1
I-Pied,pour,1,604,995,0,0,0,221,237,939,939,947,True,1
I-Pied,financer,1,604,995,0,0,0,239,267,939,939,947,True,1
I-Pied,une,1,604,995,0,0,0,269,282,939,939,947,True,1
I-Pied,dépense,1,604,995,0,0,0,284,312,939,939,947,True,1
I-Pied,pour,1,604,995,0,0,0,314,330,939,939,947,True,1
I-Pied,"l’ajout,",1,604,995,0,0,0,332,355,939,939,947,True,1
I-Pied,l’agrandissement,1,604,995,0,0,0,357,415,939,939,947,True,1
I-Pied,ou,1,604,995,0,0,0,417,426,939,939,947,True,1
I-Pied,la,1,604,995,0,0,0,428,434,939,939,947,True,1
I-Pied,modification,1,604,995,0,0,0,435,479,939,939,947,True,1
I-Pied,d’infrastructures,1,604,995,0,0,0,113,171,948,948,956,True,1
I-Pied,ou,1,604,995,0,0,0,173,182,948,948,956,True,1
I-Pied,équipements,1,604,995,0,0,0,183,228,948,948,956,True,1
I-Pied,municipaux,1,604,995,0,0,0,229,270,948,948,956,True,1
I-Pied,–,1,604,995,0,0,0,271,276,948,948,956,True,1
I-Pied,19,1,604,995,0,0,0,277,286,948,948,956,True,1
I-Pied,avril,1,604,995,0,0,0,288,304,948,948,956,True,1
I-Pied,2022,1,604,995,0,0,0,305,323,948,948,956,True,1
I-Pied,(Adoption),1,604,995,0,0,0,325,363,948,948,956,True,1
I-Pied,page,1,604,995,0,0,0,498,515,948,948,956,True,1
I-Pied,1,1,604,995,0,0,0,516,521,948,948,956,True,1
B-Tete,2,2,604,995,0,0,0,316,322,37,1032,49,True,1
,ARTICLE,2,604,995,0,0,0,113,165,65,1060,77,True,1
,4,2,604,995,0,0,0,169,176,65,1060,77,True,1
,:,2,604,995,0,0,0,179,183,65,1060,77,True,1
,Définition,2,604,995,0,0,0,186,242,65,1060,77,True,1
,d’unité,2,604,995,0,0,0,245,284,65,1060,77,True,1
,Constitue,2,604,995,0,0,0,113,160,92,1087,103,True,1
,une,2,604,995,0,0,0,166,184,92,1087,103,True,1
,"unité,",2,604,995,0,0,0,190,217,92,1087,103,True,1
,un,2,604,995,0,0,0,222,235,92,1087,103,True,1
,logement.,2,604,995,0,0,0,240,288,92,1087,103,True,1
,Un,2,604,995,0,0,0,294,308,92,1087,103,True,1
,logement,2,604,995,0,0,0,314,359,92,1087,103,True,1
,est,2,604,995,0,0,0,365,379,92,1087,103,True,1
,une,2,604,995,0,0,0,385,404,92,1087,103,True,1
,pièce,2,604,995,0,0,0,409,435,92,1087,103,True,1
,ou,2,604,995,0.145,0.145,0.145,441,453,92,1087,103,True,1
,ensemble,2,604,995,0.145,0.145,0.145,459,507,92,1087,103,True,1
,de,2,604,995,0.145,0.145,0.145,512,525,92,1087,103,True,1
,pièces,2,604,995,0.145,0.145,0.145,113,145,105,1100,116,True,1
,dans,2,604,995,0.145,0.145,0.145,148,172,105,1100,116,True,1
,une,2,604,995,0.145,0.145,0.145,175,194,105,1100,116,True,1
,"habitation,",2,604,995,0.145,0.145,0.145,197,247,105,1100,116,True,1
,accessible,2,604,995,0.145,0.145,0.145,251,302,105,1100,116,True,1
,directement,2,604,995,0.145,0.145,0.145,305,362,105,1100,116,True,1
,de,2,604,995,0.145,0.145,0.145,365,378,105,1100,116,True,1
,l’extérieur,2,604,995,0.145,0.145,0.145,381,428,105,1100,116,True,1
,ou,2,604,995,0.145,0.145,0.145,432,444,105,1100,116,True,1
,par,2,604,995,0.145,0.145,0.145,447,463,105,1100,116,True,1
,un,2,604,995,0.145,0.145,0.145,466,478,105,1100,116,True,1
,vestibule,2,604,995,0.145,0.145,0.145,481,525,105,1100,116,True,1
,ou,2,604,995,0.145,0.145,0.145,113,126,118,1113,129,True,1
,corridor,2,604,995,0.145,0.145,0.145,130,167,118,1113,129,True,1
,commun,2,604,995,0.145,0.145,0.145,171,213,118,1113,129,True,1
,à,2,604,995,0.145,0.145,0.145,217,223,118,1113,129,True,1
,plusieurs,2,604,995,0.145,0.145,0.145,227,271,118,1113,129,True,1
,"logements,",2,604,995,0.145,0.145,0.145,275,328,118,1113,129,True,1
,comprenant,2,604,995,0.145,0.145,0.145,332,390,118,1113,129,True,1
,des,2,604,995,0.145,0.145,0.145,394,412,118,1113,129,True,1
,installations,2,604,995,0.145,0.145,0.145,416,473,118,1113,129,True,1
,sanitaires,2,604,995,0.145,0.145,0.145,477,525,118,1113,129,True,1
,complètes,2,604,995,0.145,0.145,0.145,113,164,130,1125,141,True,1
,"(toilette,",2,604,995,0.145,0.145,0.145,169,208,130,1125,141,True,1
,lavabo,2,604,995,0.145,0.145,0.145,214,246,130,1125,141,True,1
,et,2,604,995,0.145,0.145,0.145,252,261,130,1125,141,True,1
,baignoire,2,604,995,0.145,0.145,0.145,267,312,130,1125,141,True,1
,ou,2,604,995,0.145,0.145,0.145,317,330,130,1125,141,True,1
,douche),2,604,995,0.145,0.145,0.145,335,375,130,1125,141,True,1
,ainsi,2,604,995,0.145,0.145,0.145,381,403,130,1125,141,True,1
,que,2,604,995,0.145,0.145,0.145,409,427,130,1125,141,True,1
,les,2,604,995,0.145,0.145,0.145,433,447,130,1125,141,True,1
,installations,2,604,995,0.145,0.145,0.145,452,510,130,1125,141,True,1
,et,2,604,995,0.145,0.145,0.145,515,525,130,1125,141,True,1
,espaces,2,604,995,0.145,0.145,0.145,113,154,143,1138,154,True,1
,nécessaires,2,604,995,0.145,0.145,0.145,158,216,143,1138,154,True,1
,pour,2,604,995,0.145,0.145,0.145,219,241,143,1138,154,True,1
,qu’une,2,604,995,0.145,0.145,0.145,244,277,143,1138,154,True,1
,personne,2,604,995,0.145,0.145,0.145,281,326,143,1138,154,True,1
,puisse,2,604,995,0.145,0.145,0.145,330,361,143,1138,154,True,1
,y,2,604,995,0.145,0.145,0.145,364,370,143,1138,154,True,1
,préparer,2,604,995,0.145,0.145,0.145,373,414,143,1138,154,True,1
,un,2,604,995,0.145,0.145,0.145,418,430,143,1138,154,True,1
,"repas,",2,604,995,0.145,0.145,0.145,433,463,143,1138,154,True,1
,y,2,604,995,0.145,0.145,0.145,467,472,143,1138,154,True,1
,manger,2,604,995,0.145,0.145,0.145,475,512,143,1138,154,True,1
,et,2,604,995,0.145,0.145,0.145,516,525,143,1138,154,True,1
,y,2,604,995,0.145,0.145,0.145,113,119,155,1151,166,True,1
,dormir.,2,604,995,0.145,0.145,0.145,122,156,155,1151,166,True,1
,Constitue,2,604,995,0.145,0.145,0.145,113,160,181,1176,192,True,1
,une,2,604,995,0.145,0.145,0.145,164,182,181,1176,192,True,1
,"unité,",2,604,995,0.145,0.145,0.145,186,213,181,1176,192,True,1
,un,2,604,995,0.145,0.145,0.145,216,228,181,1176,192,True,1
,local,2,604,995,0.145,0.145,0.145,232,255,181,1176,192,True,1
,où,2,604,995,0.145,0.145,0.145,258,271,181,1176,192,True,1
,est,2,604,995,0.145,0.145,0.145,274,289,181,1176,192,True,1
,effectué,2,604,995,0.145,0.145,0.145,293,332,181,1176,192,True,1
,ou,2,604,995,0.145,0.145,0.145,335,348,181,1176,192,True,1
,où,2,604,995,0.145,0.145,0.145,351,364,181,1176,192,True,1
,il,2,604,995,0.145,0.145,0.145,367,372,181,1176,192,True,1
,est,2,604,995,0.145,0.145,0.145,376,390,181,1176,192,True,1
,prévu,2,604,995,0.145,0.145,0.145,394,422,181,1176,192,True,1
,qu’il,2,604,995,0.145,0.145,0.145,425,445,181,1176,192,True,1
,soit,2,604,995,0.145,0.145,0.145,449,466,181,1176,192,True,1
,effectué,2,604,995,0.145,0.145,0.145,469,509,181,1176,192,True,1
,un,2,604,995,0.145,0.145,0.145,512,524,181,1176,192,True,1
,usage,2,604,995,0.145,0.145,0.145,113,143,193,1189,205,True,1
,non,2,604,995,0.145,0.145,0.145,147,166,193,1189,205,True,1
,"résidentiel,",2,604,995,0.145,0.145,0.145,170,223,193,1189,205,True,1
,qui,2,604,995,0.145,0.145,0.145,227,241,193,1189,205,True,1
,rejette,2,604,995,0.145,0.145,0.145,245,276,193,1189,205,True,1
,ou,2,604,995,0.145,0.145,0.145,280,292,193,1189,205,True,1
,non,2,604,995,0.145,0.145,0.145,296,314,193,1189,205,True,1
,des,2,604,995,0.145,0.145,0.145,318,336,193,1189,205,True,1
,eaux,2,604,995,0.145,0.145,0.145,340,364,193,1189,205,True,1
,usées,2,604,995,0.145,0.145,0.145,367,397,193,1189,205,True,1
,et,2,604,995,0.145,0.145,0.145,401,410,193,1189,205,True,1
,qui,2,604,995,0.145,0.145,0.145,414,429,193,1189,205,True,1
,consomme,2,604,995,0.145,0.145,0.145,432,486,193,1189,205,True,1
,ou,2,604,995,0.145,0.145,0.145,490,502,193,1189,205,True,1
,non,2,604,995,0.145,0.145,0.145,506,525,193,1189,205,True,1
,des,2,604,995,0.145,0.145,0.145,113,131,206,1201,217,True,1
,eaux,2,604,995,0.145,0.145,0.145,134,158,206,1201,217,True,1
,du,2,604,995,0.145,0.145,0.145,161,174,206,1201,217,True,1
,réseau,2,604,995,0.145,0.145,0.145,177,210,206,1201,217,True,1
,d’aqueduc.,2,604,995,0.145,0.145,0.145,213,267,206,1201,217,True,1
,Constitue,2,604,995,0.145,0.145,0.145,113,160,231,1227,242,True,1
,une,2,604,995,0.145,0.145,0.145,164,183,231,1227,242,True,1
,"unité,",2,604,995,0.145,0.145,0.145,187,214,231,1227,242,True,1
,un,2,604,995,0.145,0.145,0.145,218,230,231,1227,242,True,1
,local,2,604,995,0.145,0.145,0.145,234,257,231,1227,242,True,1
,appartenant,2,604,995,0.145,0.145,0.145,261,320,231,1227,242,True,1
,à,2,604,995,0.145,0.145,0.145,324,330,231,1227,242,True,1
,la,2,604,995,0.145,0.145,0.145,334,343,231,1227,242,True,1
,classe,2,604,995,0.145,0.145,0.145,347,378,231,1227,242,True,1
,commerciale,2,604,995,0.145,0.145,0.145,382,445,231,1227,242,True,1
,«,2,604,995,0.145,0.145,0.145,449,455,231,1227,242,True,1
,Hébergement,2,604,995,0.145,0.145,0.145,458,525,231,1227,242,True,1
,(C-03),2,604,995,0.145,0.145,0.145,113,145,244,1239,255,True,1
,»,2,604,995,0.145,0.145,0.145,148,154,244,1239,255,True,1
,au,2,604,995,0.145,0.145,0.145,158,170,244,1239,255,True,1
,sens,2,604,995,0.145,0.145,0.145,174,197,244,1239,255,True,1
,du,2,604,995,0.145,0.145,0.145,200,213,244,1239,255,True,1
,Règlement,2,604,995,0.145,0.145,0.145,216,269,244,1239,255,True,1
,de,2,604,995,0.145,0.145,0.145,273,285,244,1239,255,True,1
,zonage,2,604,995,0.145,0.145,0.145,289,325,244,1239,255,True,1
,numéro,2,604,995,0.145,0.145,0.145,328,366,244,1239,255,True,1
,"1314-2021-Z,",2,604,995,0.145,0.145,0.145,369,435,244,1239,255,True,1
,chambre,2,604,995,0.145,0.145,0.145,439,482,244,1239,255,True,1
,ou,2,604,995,0.145,0.145,0.145,485,497,244,1239,255,True,1
,unité,2,604,995,0.145,0.145,0.145,501,525,244,1239,255,True,1
,en,2,604,995,0.145,0.145,0.145,113,126,257,1252,268,True,1
,location.,2,604,995,0.145,0.145,0.145,129,170,257,1252,268,True,1
,Ne,2,604,995,0.145,0.145,0.145,113,127,282,1277,293,True,1
,sont,2,604,995,0.145,0.145,0.145,132,153,282,1277,293,True,1
,pas,2,604,995,0.145,0.145,0.145,158,176,282,1277,293,True,1
,des,2,604,995,0.145,0.145,0.145,181,199,282,1277,293,True,1
,"unités,",2,604,995,0.145,0.145,0.145,204,236,282,1277,293,True,1
,les,2,604,995,0.145,0.145,0.145,241,255,282,1277,293,True,1
,chambres,2,604,995,0.145,0.145,0.145,260,308,282,1277,293,True,1
,individuelles,2,604,995,0.145,0.145,0.145,313,373,282,1277,293,True,1
,d’une,2,604,995,0.145,0.145,0.145,378,405,282,1277,293,True,1
,habitation,2,604,995,0.145,0.145,0.145,409,457,282,1277,293,True,1
,collective,2,604,995,0.145,0.145,0.145,462,508,282,1277,293,True,1
,au,2,604,995,0.145,0.145,0.145,512,525,282,1277,293,True,1
,sens,2,604,995,0.145,0.145,0.145,113,137,295,1290,306,True,1
,du,2,604,995,0.145,0.145,0.145,140,152,295,1290,306,True,1
,Règlement,2,604,995,0.145,0.145,0.145,155,208,295,1290,306,True,1
,de,2,604,995,0.145,0.145,0.145,211,224,295,1290,306,True,1
,zonage,2,604,995,0.145,0.145,0.145,227,263,295,1290,306,True,1
,numéro,2,604,995,0.145,0.145,0.145,266,303,295,1290,306,True,1
,1314-2021-Z,2,604,995,0.145,0.145,0.145,306,369,295,1290,306,True,1
,Toute,2,604,995,0.145,0.145,0.145,113,142,320,1315,331,True,1
,suite,2,604,995,0.145,0.145,0.145,146,169,320,1315,331,True,1
,non,2,604,995,0.145,0.145,0.145,174,192,320,1315,331,True,1
,résidentielle,2,604,995,0.145,0.145,0.145,197,255,320,1315,331,True,1
,dont,2,604,995,0.145,0.145,0.145,260,282,320,1315,331,True,1
,le,2,604,995,0.145,0.145,0.145,286,295,320,1315,331,True,1
,débit,2,604,995,0.145,0.145,0.145,299,323,320,1315,331,True,1
,total,2,604,995,0.145,0.145,0.145,328,349,320,1315,331,True,1
,quotidien,2,604,995,0.145,0.145,0.145,353,398,320,1315,331,True,1
,en,2,604,995,0.145,0.145,0.145,403,415,320,1315,331,True,1
,consommation,2,604,995,0.145,0.145,0.145,419,491,320,1315,331,True,1
,ou,2,604,995,0.145,0.145,0.145,495,508,320,1315,331,True,1
,en,2,604,995,0.145,0.145,0.145,512,525,320,1315,331,True,1
,rejet,2,604,995,0.145,0.145,0.145,113,135,333,1328,344,True,1
,est,2,604,995,0.145,0.145,0.145,138,153,333,1328,344,True,1
,estimé,2,604,995,0.145,0.145,0.145,156,189,333,1328,344,True,1
,à,2,604,995,0.145,0.145,0.145,192,198,333,1328,344,True,1
,plus,2,604,995,0.145,0.145,0.145,202,222,333,1328,344,True,1
,de,2,604,995,0.145,0.145,0.145,225,237,333,1328,344,True,1
,1620,2,604,995,0.145,0.145,0.145,241,265,333,1328,344,True,1
,l/j.,2,604,995,0.145,0.145,0.145,269,280,333,1328,344,True,1
,est,2,604,995,0.145,0.145,0.145,283,298,333,1328,344,True,1
,considéré,2,604,995,0.145,0.145,0.145,301,349,333,1328,344,True,1
,comme,2,604,995,0.145,0.145,0.145,352,388,333,1328,344,True,1
,un,2,604,995,0.145,0.145,0.145,392,404,333,1328,344,True,1
,grand,2,604,995,0.145,0.145,0.145,408,436,333,1328,344,True,1
,consommateur,2,604,995,0.145,0.145,0.145,439,512,333,1328,344,True,1
,et,2,604,995,0.145,0.145,0.145,515,525,333,1328,344,True,1
,constitue,2,604,995,0.145,0.145,0.145,113,158,345,1340,356,True,1
,une,2,604,995,0.145,0.145,0.145,162,180,345,1340,356,True,1
,unité,2,604,995,0.145,0.145,0.145,185,209,345,1340,356,True,1
,additionnelle,2,604,995,0.145,0.145,0.145,214,275,345,1340,356,True,1
,à,2,604,995,0.145,0.145,0.145,280,286,345,1340,356,True,1
,l’atteinte,2,604,995,0.145,0.145,0.145,291,332,345,1340,356,True,1
,de,2,604,995,0.145,0.145,0.145,336,348,345,1340,356,True,1
,chaque,2,604,995,0.145,0.145,0.145,353,389,345,1340,356,True,1
,plateau,2,604,995,0.145,0.145,0.145,394,430,345,1340,356,True,1
,de,2,604,995,0.145,0.145,0.145,434,447,345,1340,356,True,1
,1620,2,604,995,0.145,0.145,0.145,451,476,345,1340,356,True,1
,l/j,2,604,995,0.145,0.145,0.145,480,488,345,1340,356,True,1
,qu’elle,2,604,995,0.145,0.145,0.145,493,524,345,1340,356,True,1
,rejette,2,604,995,0.145,0.145,0.145,113,144,358,1353,369,True,1
,dans,2,604,995,0.145,0.145,0.145,149,173,358,1353,369,True,1
,le,2,604,995,0.145,0.145,0.145,179,187,358,1353,369,True,1
,réseau,2,604,995,0.145,0.145,0.145,193,227,358,1353,369,True,1
,d’assainissement,2,604,995,0.145,0.145,0.145,232,316,358,1353,369,True,1
,des,2,604,995,0.145,0.145,0.145,322,340,358,1353,369,True,1
,eaux,2,604,995,0.145,0.145,0.145,345,369,358,1353,369,True,1
,municipal.,2,604,995,0.145,0.145,0.145,374,424,358,1353,369,True,1
,Ce,2,604,995,0.145,0.145,0.145,429,443,358,1353,369,True,1
,calcul,2,604,995,0.145,0.145,0.145,449,477,358,1353,369,True,1
,doit,2,604,995,0.145,0.145,0.145,482,500,358,1353,369,True,1
,être,2,604,995,0.145,0.145,0.145,505,524,358,1353,369,True,1
,effectué,2,604,995,0.145,0.145,0.145,113,153,371,1366,382,True,1
,par,2,604,995,0.145,0.145,0.145,156,172,371,1366,382,True,1
,un,2,604,995,0.145,0.145,0.145,175,187,371,1366,382,True,1
,membre,2,604,995,0.145,0.145,0.145,190,230,371,1366,382,True,1
,de,2,604,995,0.145,0.145,0.145,233,246,371,1366,382,True,1
,l’Ordre,2,604,995,0.145,0.145,0.145,249,282,371,1366,382,True,1
,des,2,604,995,0.145,0.145,0.145,285,302,371,1366,382,True,1
,ingénieurs,2,604,995,0.145,0.145,0.145,305,356,371,1366,382,True,1
,du,2,604,995,0.145,0.145,0.145,359,371,371,1366,382,True,1
,Québec.,2,604,995,0.145,0.145,0.145,374,416,371,1366,382,True,1
,"Parallèlement,",2,604,995,0.145,0.145,0.145,113,184,396,1391,407,True,1
,dans,2,604,995,0.145,0.145,0.145,188,212,396,1391,407,True,1
,le,2,604,995,0.145,0.145,0.145,216,225,396,1391,407,True,1
,cas,2,604,995,0.145,0.145,0.145,229,246,396,1391,407,True,1
,des,2,604,995,0.145,0.145,0.145,250,268,396,1391,407,True,1
,grands,2,604,995,0.145,0.145,0.145,272,306,396,1391,407,True,1
,"consommateurs,",2,604,995,0.145,0.145,0.145,310,391,396,1391,407,True,1
,est,2,604,995,0.145,0.145,0.145,395,410,396,1391,407,True,1
,considéré,2,604,995,0.145,0.145,0.145,414,462,396,1391,407,True,1
,comme,2,604,995,0.145,0.145,0.145,466,502,396,1391,407,True,1
,une,2,604,995,0.145,0.145,0.145,506,524,396,1391,407,True,1
,modification,2,604,995,0.145,0.145,0.145,113,172,409,1404,420,True,1
,au,2,604,995,0.145,0.145,0.145,178,190,409,1404,420,True,1
,nombre,2,604,995,0.145,0.145,0.145,195,233,409,1404,420,True,1
,"d’unités,",2,604,995,0.145,0.145,0.145,238,279,409,1404,420,True,1
,l’agrandissement,2,604,995,0.145,0.145,0.145,284,367,409,1404,420,True,1
,ou,2,604,995,0.145,0.145,0.145,373,385,409,1404,420,True,1
,la,2,604,995,0.145,0.145,0.145,391,399,409,1404,420,True,1
,modification,2,604,995,0.145,0.145,0.145,404,463,409,1404,420,True,1
,d’un,2,604,995,0.145,0.145,0.145,468,489,409,1404,420,True,1
,usage,2,604,995,0.145,0.145,0.145,495,525,409,1404,420,True,1
,entrainant,2,604,995,0.145,0.145,0.145,113,162,421,1416,432,True,1
,un,2,604,995,0.145,0.145,0.145,165,178,421,1416,432,True,1
,changement,2,604,995,0.145,0.145,0.145,181,241,421,1416,432,True,1
,au,2,604,995,0.145,0.145,0.145,244,257,421,1416,432,True,1
,calcul,2,604,995,0.145,0.145,0.145,260,288,421,1416,432,True,1
,de,2,604,995,0.145,0.145,0.145,291,303,421,1416,432,True,1
,débit,2,604,995,0.145,0.145,0.145,306,330,421,1416,432,True,1
,théorique.,2,604,995,0.145,0.145,0.145,333,382,421,1416,432,True,1
,ARTICLE,2,604,995,0,0,0,113,165,462,1457,474,True,1
,5,2,604,995,0,0,0,169,176,462,1457,474,True,1
,:,2,604,995,0,0,0,179,183,462,1457,474,True,1
,Versement,2,604,995,0,0,0,186,247,462,1457,474,True,1
,de,2,604,995,0,0,0,251,265,462,1457,474,True,1
,la,2,604,995,0,0,0,268,278,462,1457,474,True,1
,contribution,2,604,995,0,0,0,281,351,462,1457,474,True,1
,Tout,2,604,995,0.145,0.145,0.145,113,135,489,1484,500,True,1
,demandeur,2,604,995,0.145,0.145,0.145,140,195,489,1484,500,True,1
,d’un,2,604,995,0.145,0.145,0.145,199,220,489,1484,500,True,1
,permis,2,604,995,0.145,0.145,0.145,224,257,489,1484,500,True,1
,de,2,604,995,0.145,0.145,0.145,262,274,489,1484,500,True,1
,construction,2,604,995,0.145,0.145,0.145,278,337,489,1484,500,True,1
,ou,2,604,995,0.145,0.145,0.145,341,354,489,1484,500,True,1
,certificat,2,604,995,0.145,0.145,0.145,358,399,489,1484,500,True,1
,d’autorisation,2,604,995,0.145,0.145,0.145,403,468,489,1484,500,True,1
,visé,2,604,995,0.145,0.145,0.145,472,492,489,1484,500,True,1
,par,2,604,995,0.145,0.145,0.145,496,512,489,1484,500,True,1
,le,2,604,995,0.145,0.145,0.145,516,525,489,1484,500,True,1
,présent,2,604,995,0.145,0.145,0.145,113,150,502,1497,513,True,1
,règlement,2,604,995,0.145,0.145,0.145,158,207,502,1497,513,True,1
,doit,2,604,995,0.145,0.145,0.145,215,233,502,1497,513,True,1
,"verser,",2,604,995,0.145,0.145,0.145,241,275,502,1497,513,True,1
,au,2,604,995,0.145,0.145,0.145,283,295,502,1497,513,True,1
,moment,2,604,995,0.145,0.145,0.145,303,343,502,1497,513,True,1
,de,2,604,995,0.145,0.145,0.145,351,363,502,1497,513,True,1
,son,2,604,995,0.145,0.145,0.145,371,389,502,1497,513,True,1
,"émission,",2,604,995,0.145,0.145,0.145,397,443,502,1497,513,True,1
,la,2,604,995,0.145,0.145,0.145,451,460,502,1497,513,True,1
,contribution,2,604,995,0.145,0.145,0.145,468,525,502,1497,513,True,1
,applicable,2,604,995,0.145,0.145,0.145,113,163,514,1509,525,True,1
,en,2,604,995,0.145,0.145,0.145,166,178,514,1509,525,True,1
,vertu,2,604,995,0.145,0.145,0.145,181,206,514,1509,525,True,1
,du,2,604,995,0.145,0.145,0.145,209,221,514,1509,525,True,1
,calcul,2,604,995,0.145,0.145,0.145,224,252,514,1509,525,True,1
,du,2,604,995,0.145,0.145,0.145,255,267,514,1509,525,True,1
,nombre,2,604,995,0.145,0.145,0.145,271,308,514,1509,525,True,1
,d’unités.,2,604,995,0.145,0.145,0.145,311,352,514,1509,525,True,1
,La,2,604,995,0.145,0.145,0.145,113,126,540,1535,551,True,1
,date,2,604,995,0.145,0.145,0.145,129,151,540,1535,551,True,1
,de,2,604,995,0.145,0.145,0.145,154,167,540,1535,551,True,1
,dépôt,2,604,995,0.145,0.145,0.145,170,198,540,1535,551,True,1
,d’une,2,604,995,0.145,0.145,0.145,201,228,540,1535,551,True,1
,demande,2,604,995,0.145,0.145,0.145,231,277,540,1535,551,True,1
,substantiellement,2,604,995,0.145,0.145,0.145,281,366,540,1535,551,True,1
,conforme,2,604,995,0.145,0.145,0.145,370,416,540,1535,551,True,1
,et,2,604,995,0.145,0.145,0.145,420,429,540,1535,551,True,1
,complète,2,604,995,0.145,0.145,0.145,432,477,540,1535,551,True,1
,constitue,2,604,995,0.145,0.145,0.145,481,525,540,1535,551,True,1
,la,2,604,995,0.145,0.145,0.145,113,122,552,1547,563,True,1
,date,2,604,995,0.145,0.145,0.145,125,147,552,1547,563,True,1
,de,2,604,995,0.145,0.145,0.145,150,162,552,1547,563,True,1
,référence,2,604,995,0.145,0.145,0.145,165,211,552,1547,563,True,1
,à,2,604,995,0.145,0.145,0.145,214,221,552,1547,563,True,1
,laquelle,2,604,995,0.145,0.145,0.145,224,261,552,1547,563,True,1
,le,2,604,995,0.145,0.145,0.145,264,273,552,1547,563,True,1
,calcul,2,604,995,0.145,0.145,0.145,276,304,552,1547,563,True,1
,de,2,604,995,0.145,0.145,0.145,307,320,552,1547,563,True,1
,la,2,604,995,0.145,0.145,0.145,323,331,552,1547,563,True,1
,contribution,2,604,995,0.145,0.145,0.145,334,391,552,1547,563,True,1
,doit,2,604,995,0.145,0.145,0.145,394,412,552,1547,563,True,1
,être,2,604,995,0.145,0.145,0.145,415,434,552,1547,563,True,1
,effectué.,2,604,995,0.145,0.145,0.145,437,479,552,1547,563,True,1
,Advenant,2,604,995,0.145,0.145,0.145,113,160,578,1573,589,True,1
,l’annulation,2,604,995,0.145,0.145,0.145,164,219,578,1573,589,True,1
,d’une,2,604,995,0.145,0.145,0.145,223,250,578,1573,589,True,1
,autorisation,2,604,995,0.145,0.145,0.145,253,310,578,1573,589,True,1
,sans,2,604,995,0.145,0.145,0.145,314,337,578,1573,589,True,1
,que,2,604,995,0.145,0.145,0.145,341,359,578,1573,589,True,1
,soient,2,604,995,0.145,0.145,0.145,363,392,578,1573,589,True,1
,réalisés,2,604,995,0.145,0.145,0.145,396,433,578,1573,589,True,1
,les,2,604,995,0.145,0.145,0.145,437,451,578,1573,589,True,1
,travaux,2,604,995,0.145,0.145,0.145,455,491,578,1573,589,True,1
,aucun,2,604,995,0.145,0.145,0.145,494,525,578,1573,589,True,1
,remboursement,2,604,995,0.145,0.145,0.145,113,191,590,1585,601,True,1
,ne,2,604,995,0.145,0.145,0.145,195,207,590,1585,601,True,1
,sera,2,604,995,0.145,0.145,0.145,211,232,590,1585,601,True,1
,effectué.,2,604,995,0.145,0.145,0.145,236,279,590,1585,601,True,1
,Les,2,604,995,0.145,0.145,0.145,283,301,590,1585,601,True,1
,contributions,2,604,995,0.145,0.145,0.145,305,367,590,1585,601,True,1
,versées,2,604,995,0.145,0.145,0.145,371,410,590,1585,601,True,1
,sont,2,604,995,0.145,0.145,0.145,414,434,590,1585,601,True,1
,conservées,2,604,995,0.145,0.145,0.145,439,495,590,1585,601,True,1
,et,2,604,995,0.145,0.145,0.145,499,508,590,1585,601,True,1
,un,2,604,995,0.145,0.145,0.145,513,525,590,1585,601,True,1
,crédit,2,604,995,0.145,0.145,0.145,113,140,603,1598,614,True,1
,sera,2,604,995,0.145,0.145,0.145,143,165,603,1598,614,True,1
,appliqué,2,604,995,0.145,0.145,0.145,168,209,603,1598,614,True,1
,à,2,604,995,0.145,0.145,0.145,212,219,603,1598,614,True,1
,toute,2,604,995,0.145,0.145,0.145,222,246,603,1598,614,True,1
,contribution,2,604,995,0.145,0.145,0.145,249,306,603,1598,614,True,1
,subséquente,2,604,995,0.145,0.145,0.145,309,372,603,1598,614,True,1
,qui,2,604,995,0.145,0.145,0.145,375,390,603,1598,614,True,1
,devra,2,604,995,0.145,0.145,0.145,393,420,603,1598,614,True,1
,être,2,604,995,0.145,0.145,0.145,423,442,603,1598,614,True,1
,effectuée.,2,604,995,0.145,0.145,0.145,445,494,603,1598,614,True,1
,Aucun,2,604,995,0.145,0.145,0.145,113,145,628,1623,639,True,1
,remboursement,2,604,995,0.145,0.145,0.145,151,228,628,1623,639,True,1
,n’est,2,604,995,0.145,0.145,0.145,234,258,628,1623,639,True,1
,effectué,2,604,995,0.145,0.145,0.145,264,303,628,1623,639,True,1
,en,2,604,995,0.145,0.145,0.145,309,322,628,1623,639,True,1
,cas,2,604,995,0.145,0.145,0.145,328,345,628,1623,639,True,1
,de,2,604,995,0.145,0.145,0.145,351,363,628,1623,639,True,1
,réduction,2,604,995,0.145,0.145,0.145,370,415,628,1623,639,True,1
,du,2,604,995,0.145,0.145,0.145,421,434,628,1623,639,True,1
,nombre,2,604,995,0.145,0.145,0.145,440,477,628,1623,639,True,1
,d’unités.,2,604,995,0.145,0.145,0.145,483,524,628,1623,639,True,1
,"Toutefois,",2,604,995,0.145,0.145,0.145,113,162,641,1636,652,True,1
,un,2,604,995,0.145,0.145,0.145,166,178,641,1636,652,True,1
,crédit,2,604,995,0.145,0.145,0.145,182,209,641,1636,652,True,1
,est,2,604,995,0.145,0.145,0.145,213,227,641,1636,652,True,1
,conservé,2,604,995,0.145,0.145,0.145,231,276,641,1636,652,True,1
,au,2,604,995,0.145,0.145,0.145,279,292,641,1636,652,True,1
,"dossier,",2,604,995,0.145,0.145,0.145,296,334,641,1636,652,True,1
,l’unité,2,604,995,0.145,0.145,0.145,338,367,641,1636,652,True,1
,supprimée,2,604,995,0.145,0.145,0.145,370,422,641,1636,652,True,1
,pouvant,2,604,995,0.145,0.145,0.145,426,465,641,1636,652,True,1
,être,2,604,995,0.145,0.145,0.145,468,488,641,1636,652,True,1
,remise,2,604,995,0.145,0.145,0.145,491,524,641,1636,652,True,1
,en,2,604,995,0.145,0.145,0.145,113,126,654,1649,665,True,1
,place,2,604,995,0.145,0.145,0.145,129,155,654,1649,665,True,1
,sans,2,604,995,0.145,0.145,0.145,158,181,654,1649,665,True,1
,effectuer,2,604,995,0.145,0.145,0.145,184,227,654,1649,665,True,1
,une,2,604,995,0.145,0.145,0.145,230,249,654,1649,665,True,1
,nouvelle,2,604,995,0.145,0.145,0.145,252,293,654,1649,665,True,1
,contribution.,2,604,995,0.145,0.145,0.145,296,356,654,1649,665,True,1
,ARTICLE,2,604,995,0,0,0,113,165,693,1688,705,True,1
,6,2,604,995,0,0,0,169,176,693,1688,705,True,1
,:,2,604,995,0,0,0,179,183,693,1688,705,True,1
,Équipements,2,604,995,0,0,0,186,261,693,1688,705,True,1
,et,2,604,995,0,0,0,265,276,693,1688,705,True,1
,infrastructures,2,604,995,0,0,0,279,364,693,1688,705,True,1
,projetés,2,604,995,0,0,0,367,414,693,1688,705,True,1
,La,2,604,995,0.145,0.145,0.145,113,126,720,1715,731,True,1
,contribution,2,604,995,0.145,0.145,0.145,129,186,720,1715,731,True,1
,doit,2,604,995,0.145,0.145,0.145,189,207,720,1715,731,True,1
,servir,2,604,995,0.145,0.145,0.145,210,237,720,1715,731,True,1
,à,2,604,995,0.145,0.145,0.145,240,246,720,1715,731,True,1
,financer,2,604,995,0.145,0.145,0.145,249,288,720,1715,731,True,1
,la,2,604,995,0.145,0.145,0.145,291,300,720,1715,731,True,1
,"création,",2,604,995,0.145,0.145,0.145,303,345,720,1715,731,True,1
,"l’aménagement,",2,604,995,0.145,0.145,0.145,348,427,720,1715,731,True,1
,le,2,604,995,0.145,0.145,0.145,430,438,720,1715,731,True,1
,"réaménagement,",2,604,995,0.145,0.145,0.145,441,524,720,1715,731,True,1
,la,2,604,995,0.145,0.145,0.145,113,122,733,1728,744,True,1
,mise,2,604,995,0.145,0.145,0.145,126,149,733,1728,744,True,1
,à,2,604,995,0.145,0.145,0.145,152,159,733,1728,744,True,1
,"niveau,",2,604,995,0.145,0.145,0.145,162,198,733,1728,744,True,1
,"l’ajout,",2,604,995,0.145,0.145,0.145,201,233,733,1728,744,True,1
,l’agrandissement,2,604,995,0.145,0.145,0.145,236,320,733,1728,744,True,1
,ou,2,604,995,0.145,0.145,0.145,323,336,733,1728,744,True,1
,la,2,604,995,0.145,0.145,0.145,339,348,733,1728,744,True,1
,modification,2,604,995,0.145,0.145,0.145,351,410,733,1728,744,True,1
,de,2,604,995,0.145,0.145,0.145,413,426,733,1728,744,True,1
,tout,2,604,995,0.145,0.145,0.145,429,448,733,1728,744,True,1
,équipement,2,604,995,0.145,0.145,0.145,452,509,733,1728,744,True,1
,ou,2,604,995,0.145,0.145,0.145,513,525,733,1728,744,True,1
,infrastructure,2,604,995,0.145,0.145,0.145,113,178,745,1741,756,True,1
,"suivantes,",2,604,995,0.145,0.145,0.145,181,230,745,1741,756,True,1
,qui,2,604,995,0.145,0.145,0.145,233,248,745,1741,756,True,1
,desservent,2,604,995,0.145,0.145,0.145,251,305,745,1741,756,True,1
,les,2,604,995,0.145,0.145,0.145,308,322,745,1741,756,True,1
,immeubles,2,604,995,0.145,0.145,0.145,325,378,745,1741,756,True,1
,visés,2,604,995,0.145,0.145,0.145,381,406,745,1741,756,True,1
,à,2,604,995,0.145,0.145,0.145,409,416,745,1741,756,True,1
,l’article,2,604,995,0.145,0.145,0.145,419,453,745,1741,756,True,1
,2;,2,604,995,0.145,0.145,0.145,456,465,745,1741,756,True,1
,Infrastructures,2,604,995,0,0,0,119,203,784,1779,796,True,1
,"pluviales,",2,604,995,0,0,0,207,261,784,1779,796,True,1
,routières,2,604,995,0,0,0,265,316,784,1779,796,True,1
,et,2,604,995,0,0,0,319,330,784,1779,796,True,1
,de,2,604,995,0,0,0,333,347,784,1779,796,True,1
,traitement,2,604,995,0,0,0,351,409,784,1779,796,True,1
,des,2,604,995,0,0,0,412,433,784,1779,796,True,1
,eaux,2,604,995,0,0,0,436,463,784,1779,796,True,1
,usées,2,604,995,0,0,0,467,501,784,1779,796,True,1
,incluant,2,604,995,0,0,0,119,165,798,1793,810,True,1
,les,2,604,995,0,0,0,168,185,798,1793,810,True,1
,subventions,2,604,995,0,0,0,188,259,798,1793,810,True,1
,Gainage,2,604,995,0,0,0,113,159,813,1808,825,True,1
,et,2,604,995,0,0,0,162,172,813,1808,825,True,1
,réfection,2,604,995,0,0,0,175,221,813,1808,825,True,1
,secteur,2,604,995,0,0,0,225,264,813,1808,825,True,1
,Paysan,2,604,995,0,0,0,267,307,813,1808,825,True,1
,2,2,604,995,0,0,0,436,443,813,1808,825,True,1
,120,2,604,995,0,0,0,446,466,813,1808,825,True,1
,000,2,604,995,0,0,0,469,489,813,1808,825,True,1
,$,2,604,995,0,0,0,493,499,813,1808,825,True,1
,Réfection,2,604,995,0,0,0,113,164,829,1824,841,True,1
,rue,2,604,995,0,0,0,167,185,829,1824,841,True,1
,Valiquette,2,604,995,0,0,0,188,241,829,1824,841,True,1
,Nord,2,604,995,0,0,0,245,271,829,1824,841,True,1
,3,2,604,995,0,0,0,436,443,829,1824,841,True,1
,056,2,604,995,0,0,0,446,466,829,1824,841,True,1
,000,2,604,995,0,0,0,469,489,829,1824,841,True,1
,$,2,604,995,0,0,0,493,499,829,1824,841,True,1
,Réfection,2,604,995,0,0,0,113,164,846,1841,858,True,1
,Saint-Georges,2,604,995,0,0,0,167,245,846,1841,858,True,1
,410,2,604,995,0,0,0,441,461,846,1841,858,True,1
,000,2,604,995,0,0,0,464,484,846,1841,858,True,1
,$,2,604,995,0,0,0,488,494,846,1841,858,True,1
,Réfection,2,604,995,0,0,0,113,164,863,1858,875,True,1
,Valiquette,2,604,995,0,0,0,167,221,863,1858,875,True,1
,sud,2,604,995,0,0,0,224,243,863,1858,875,True,1
,et,2,604,995,0,0,0,247,257,863,1858,875,True,1
,Maurice-Aveline,2,604,995,0,0,0,260,346,863,1858,875,True,1
,1,2,604,995,0,0,0,436,443,863,1858,875,True,1
,627,2,604,995,0,0,0,446,466,863,1858,875,True,1
,000,2,604,995,0,0,0,469,489,863,1858,875,True,1
,$,2,604,995,0,0,0,493,499,863,1858,875,True,1
,Mise,2,604,995,0,0,0,113,138,879,1874,891,True,1
,aux,2,604,995,0,0,0,142,161,879,1874,891,True,1
,normes,2,604,995,0,0,0,165,205,879,1874,891,True,1
,usine,2,604,995,0,0,0,208,237,879,1874,891,True,1
,d'épuration,2,604,995,0,0,0,240,299,879,1874,891,True,1
,Mont-Rolland,2,604,995,0,0,0,302,374,879,1874,891,True,1
,-,2,604,995,0,0,0,377,381,879,1874,891,True,1
,5,2,604,995,0,0,0,436,443,879,1874,891,True,1
,330,2,604,995,0,0,0,446,466,879,1874,891,True,1
,000,2,604,995,0,0,0,469,489,879,1874,891,True,1
,$,2,604,995,0,0,0,493,499,879,1874,891,True,1
,travaux,2,604,995,0,0,0,113,153,893,1888,905,True,1
,Réfection,2,604,995,0,0,0,113,164,907,1902,919,True,1
,route,2,604,995,0,0,0,167,195,907,1902,919,True,1
,117,2,604,995,0,0,0,198,218,907,1902,919,True,1
,et,2,604,995,0,0,0,221,231,907,1902,919,True,1
,Pierre-Péladeau,2,604,995,0,0,0,235,321,907,1902,919,True,1
,11,2,604,995,0,0,0,433,446,907,1902,919,True,1
,020,2,604,995,0,0,0,449,469,907,1902,919,True,1
,000,2,604,995,0,0,0,473,493,907,1902,919,True,1
,$,2,604,995,0,0,0,496,503,907,1902,919,True,1
B-Pied,Règlement,2,604,995,0,0,0,113,150,939,1934,947,True,1
I-Pied,1324,2,604,995,0,0,0,152,170,939,1934,947,True,1
I-Pied,–Contribution,2,604,995,0,0,0,171,219,939,1934,947,True,1
I-Pied,pour,2,604,995,0,0,0,221,237,939,1934,947,True,1
I-Pied,financer,2,604,995,0,0,0,239,267,939,1934,947,True,1
I-Pied,une,2,604,995,0,0,0,269,282,939,1934,947,True,1
I-Pied,dépense,2,604,995,0,0,0,284,312,939,1934,947,True,1
I-Pied,pour,2,604,995,0,0,0,314,330,939,1934,947,True,1
I-Pied,"l’ajout,",2,604,995,0,0,0,332,355,939,1934,947,True,1
I-Pied,l’agrandissement,2,604,995,0,0,0,357,415,939,1934,947,True,1
I-Pied,ou,2,604,995,0,0,0,417,426,939,1934,947,True,1
I-Pied,la,2,604,995,0,0,0,428,434,939,1934,947,True,1
I-Pied,modification,2,604,995,0,0,0,435,479,939,1934,947,True,1
I-Pied,d’infrastructures,2,604,995,0,0,0,113,171,948,1944,956,True,1
I-Pied,ou,2,604,995,0,0,0,173,182,948,1944,956,True,1
I-Pied,équipements,2,604,995,0,0,0,183,228,948,1944,956,True,1
I-Pied,municipaux,2,604,995,0,0,0,230,270,948,1944,956,True,1
I-Pied,–,2,604,995,0,0,0,271,276,948,1944,956,True,1
I-Pied,19,2,604,995,0,0,0,277,286,948,1944,956,True,1
I-Pied,avril,2,604,995,0,0,0,288,304,948,1944,956,True,1
I-Pied,2022,2,604,995,0,0,0,305,323,948,1944,956,True,1
I-Pied,(Adoption,2,604,995,0,0,0,325,360,948,1944,956,True,1
I-Pied,),2,604,995,0,0,0,361,364,948,1944,956,True,1
I-Pied,page,2,604,995,0,0,0,558,574,948,1944,956,True,1
I-Pied,2,2,604,995,0,0,0,576,580,948,1944,956,True,1
B-Tete,3,3,604,995,0,0,0,316,322,37,2027,49,True,1
,Phase,3,604,995,0,0,0,113,147,65,2056,77,True,1
,I,3,604,995,0,0,0,151,154,65,2056,77,True,1
,-,3,604,995,0,0,0,157,161,65,2056,77,True,1
,Pentes,3,604,995,0,0,0,165,202,65,2056,77,True,1
,40-80,3,604,995,0,0,0,205,236,65,2056,77,True,1
,6,3,604,995,0,0,0,436,443,65,2056,77,True,1
,470,3,604,995,0,0,0,446,466,65,2056,77,True,1
,000,3,604,995,0,0,0,469,489,65,2056,77,True,1
,$,3,604,995,0,0,0,493,499,65,2056,77,True,1
,Phase,3,604,995,0,0,0,113,147,82,2072,94,True,1
,II,3,604,995,0,0,0,151,157,82,2072,94,True,1
,-,3,604,995,0,0,0,164,168,82,2072,94,True,1
,Pentes,3,604,995,0,0,0,171,209,82,2072,94,True,1
,40-80,3,604,995,0,0,0,212,243,82,2072,94,True,1
,3,3,604,995,0,0,0,436,443,82,2072,94,True,1
,790,3,604,995,0,0,0,446,466,82,2072,94,True,1
,000,3,604,995,0,0,0,469,489,82,2072,94,True,1
,$,3,604,995,0,0,0,493,499,82,2072,94,True,1
,Phase,3,604,995,0,0,0,113,147,99,2089,111,True,1
,III,3,604,995,0,0,0,151,161,99,2089,111,True,1
,-,3,604,995,0,0,0,167,171,99,2089,111,True,1
,Pentes,3,604,995,0,0,0,175,212,99,2089,111,True,1
,40-80,3,604,995,0,0,0,215,246,99,2089,111,True,1
,1,3,604,995,0,0,0,436,443,99,2089,111,True,1
,550,3,604,995,0,0,0,446,466,99,2089,111,True,1
,000,3,604,995,0,0,0,469,489,99,2089,111,True,1
,$,3,604,995,0,0,0,493,499,99,2089,111,True,1
,Phase,3,604,995,0,0,0,113,147,115,2106,127,True,1
,IV,3,604,995,0,0,0,151,162,115,2106,127,True,1
,-,3,604,995,0,0,0,165,169,115,2106,127,True,1
,Pentes,3,604,995,0,0,0,173,210,115,2106,127,True,1
,40-80,3,604,995,0,0,0,213,244,115,2106,127,True,1
,2,3,604,995,0,0,0,436,443,115,2106,127,True,1
,560,3,604,995,0,0,0,446,466,115,2106,127,True,1
,000,3,604,995,0,0,0,469,489,115,2106,127,True,1
,$,3,604,995,0,0,0,493,499,115,2106,127,True,1
,Poste,3,604,995,0,0,0,113,144,132,2122,144,True,1
,117,3,604,995,0,0,0,147,167,132,2122,144,True,1
,Est,3,604,995,0,0,0,171,188,132,2122,144,True,1
,2,3,604,995,0,0,0,436,443,132,2122,144,True,1
,830,3,604,995,0,0,0,446,466,132,2122,144,True,1
,000,3,604,995,0,0,0,469,489,132,2122,144,True,1
,$,3,604,995,0,0,0,493,499,132,2122,144,True,1
,Réfection,3,604,995,0,0,0,113,164,149,2139,161,True,1
,Déversoir,3,604,995,0,0,0,167,219,149,2139,161,True,1
,#,3,604,995,0,0,0,222,229,149,2139,161,True,1
,1,3,604,995,0,0,0,232,238,149,2139,161,True,1
,480,3,604,995,0,0,0,441,461,149,2139,161,True,1
,000,3,604,995,0,0,0,464,484,149,2139,161,True,1
,$,3,604,995,0,0,0,488,494,149,2139,161,True,1
,Total,3,604,995,0,0,0,119,147,165,2156,177,True,1
,des,3,604,995,0,0,0,151,171,165,2156,177,True,1
,travaux,3,604,995,0,0,0,175,217,165,2156,177,True,1
,:,3,604,995,0,0,0,221,225,165,2156,177,True,1
,44,3,604,995,0,0,0,433,446,165,2156,177,True,1
,373,3,604,995,0,0,0,450,470,165,2156,177,True,1
,000,3,604,995,0,0,0,473,493,165,2156,177,True,1
,$,3,604,995,0,0,0,496,503,165,2156,177,True,1
,Subventions,3,604,995,0,0,0,119,191,182,2172,194,True,1
,anticipées,3,604,995,0,0,0,194,253,182,2172,194,True,1
,:,3,604,995,0,0,0,256,260,182,2172,194,True,1
,(20,3,604,995,0,0,0,429,446,182,2172,194,True,1
,728,3,604,995,0,0,0,450,469,182,2172,194,True,1
,083),3,604,995,0,0,0,473,497,182,2172,194,True,1
,$,3,604,995,0,0,0,500,507,182,2172,194,True,1
,TOTAL,3,604,995,0,0,0,119,159,198,2189,210,True,1
,ESTIME,3,604,995,0,0,0,162,207,198,2189,210,True,1
,DU,3,604,995,0,0,0,210,227,198,2189,210,True,1
,COUT,3,604,995,0,0,0,231,265,198,2189,210,True,1
,DES,3,604,995,0,0,0,268,293,198,2189,210,True,1
,TRAVAUX,3,604,995,0,0,0,296,354,198,2189,210,True,1
,23,3,604,995,0,0,0,433,446,198,2189,210,True,1
,644,3,604,995,0,0,0,450,470,198,2189,210,True,1
,917,3,604,995,0,0,0,473,493,198,2189,210,True,1
,$,3,604,995,0,0,0,496,503,198,2189,210,True,1
,ASSUMES,3,604,995,0,0,0,119,178,212,2203,224,True,1
,PAR,3,604,995,0,0,0,181,207,212,2203,224,True,1
,LA,3,604,995,0,0,0,210,226,212,2203,224,True,1
,VILLE,3,604,995,0,0,0,229,263,212,2203,224,True,1
,:,3,604,995,0,0,0,267,271,212,2203,224,True,1
,ARTICLE,3,604,995,0,0,0,113,165,266,2256,278,True,1
,7,3,604,995,0,0,0,169,176,266,2256,278,True,1
,:,3,604,995,0,0,0,179,183,266,2256,278,True,1
,Calcul,3,604,995,0,0,0,220,256,266,2256,278,True,1
,de,3,604,995,0,0,0,259,273,266,2256,278,True,1
,la,3,604,995,0,0,0,276,286,266,2256,278,True,1
,contribution,3,604,995,0,0,0,290,360,266,2256,278,True,1
,Étant,3,604,995,0.141,0.141,0.141,113,139,296,2286,307,True,1
,donné,3,604,995,0.141,0.141,0.141,144,174,296,2286,307,True,1
,que,3,604,995,0.141,0.141,0.141,179,197,296,2286,307,True,1
,les,3,604,995,0.141,0.141,0.141,201,215,296,2286,307,True,1
,coups,3,604,995,0.141,0.141,0.141,220,249,296,2286,307,True,1
,de,3,604,995,0.141,0.141,0.141,253,266,296,2286,307,True,1
,mise,3,604,995,0.141,0.141,0.141,270,293,296,2286,307,True,1
,à,3,604,995,0.141,0.141,0.141,298,304,296,2286,307,True,1
,niveau,3,604,995,0.141,0.141,0.141,308,340,296,2286,307,True,1
,et,3,604,995,0.141,0.141,0.141,344,353,296,2286,307,True,1
,les,3,604,995,0.141,0.141,0.141,356,370,296,2286,307,True,1
,coups,3,604,995,0.141,0.141,0.141,374,404,296,2286,307,True,1
,d’augmentation,3,604,995,0.141,0.141,0.141,408,483,296,2286,307,True,1
,de,3,604,995,0.141,0.141,0.141,488,500,296,2286,307,True,1
,la,3,604,995,0.141,0.141,0.141,504,513,296,2286,307,True,1
,capacité,3,604,995,0.141,0.141,0.141,113,154,310,2300,321,True,1
,du,3,604,995,0.141,0.141,0.141,159,171,310,2300,321,True,1
,réseau,3,604,995,0.141,0.141,0.141,175,209,310,2300,321,True,1
,d’infrastructure,3,604,995,0.141,0.141,0.141,213,286,310,2300,321,True,1
,sont,3,604,995,0.141,0.141,0.141,290,310,310,2300,321,True,1
,indissociables,3,604,995,0.141,0.141,0.141,315,383,310,2300,321,True,1
,et,3,604,995,0.141,0.141,0.141,387,396,310,2300,321,True,1
,qu’une,3,604,995,0.141,0.141,0.141,401,434,310,2300,321,True,1
,part,3,604,995,0.141,0.141,0.141,438,457,310,2300,321,True,1
,importante,3,604,995,0.141,0.141,0.141,461,513,310,2300,321,True,1
,de,3,604,995,0.141,0.141,0.141,113,126,325,2315,336,True,1
,cette,3,604,995,0.141,0.141,0.141,129,153,325,2315,336,True,1
,mise,3,604,995,0.141,0.141,0.141,157,180,325,2315,336,True,1
,à,3,604,995,0.141,0.141,0.141,183,190,325,2315,336,True,1
,niveau,3,604,995,0.141,0.141,0.141,193,225,325,2315,336,True,1
,est,3,604,995,0.141,0.141,0.141,229,244,325,2315,336,True,1
,rendue,3,604,995,0.141,0.141,0.141,247,281,325,2315,336,True,1
,nécessaire,3,604,995,0.141,0.141,0.141,285,338,325,2315,336,True,1
,par,3,604,995,0.141,0.141,0.141,342,358,325,2315,336,True,1
,la,3,604,995,0.141,0.141,0.141,361,370,325,2315,336,True,1
,croissance,3,604,995,0.141,0.141,0.141,373,426,325,2315,336,True,1
,de,3,604,995,0.141,0.141,0.141,430,442,325,2315,336,True,1
,"l’utilisation,",3,604,995,0.141,0.141,0.141,445,499,325,2315,336,True,1
,ils,3,604,995,0.141,0.141,0.141,503,513,325,2315,336,True,1
,doivent,3,604,995,0.141,0.141,0.141,113,149,339,2330,350,True,1
,être,3,604,995,0.141,0.141,0.141,152,171,339,2330,350,True,1
,répartis,3,604,995,0.141,0.141,0.141,183,220,339,2330,350,True,1
,entre,3,604,995,0.141,0.141,0.141,232,257,339,2330,350,True,1
,les,3,604,995,0.141,0.141,0.141,270,284,339,2330,350,True,1
,immeubles,3,604,995,0.141,0.141,0.141,296,349,339,2330,350,True,1
,existants,3,604,995,0.141,0.141,0.141,361,405,339,2330,350,True,1
,et,3,604,995,0.141,0.141,0.141,417,426,339,2330,350,True,1
,les,3,604,995,0.141,0.141,0.141,439,453,339,2330,350,True,1
,nouveaux,3,604,995,0.141,0.141,0.141,465,513,339,2330,350,True,1
,immeubles.,3,604,995,0.141,0.141,0.141,113,170,354,2344,365,True,1
,La,3,604,995,0.141,0.141,0.141,173,185,354,2344,365,True,1
,Ville,3,604,995,0.141,0.141,0.141,191,212,354,2344,365,True,1
,établie,3,604,995,0.141,0.141,0.141,218,250,354,2344,365,True,1
,donc,3,604,995,0.141,0.141,0.141,256,280,354,2344,365,True,1
,à,3,604,995,0.141,0.141,0.141,286,293,354,2344,365,True,1
,20%,3,604,995,0.141,0.141,0.141,299,321,354,2344,365,True,1
,la,3,604,995,0.141,0.141,0.141,327,335,354,2344,365,True,1
,part,3,604,995,0.141,0.141,0.141,341,360,354,2344,365,True,1
,du,3,604,995,0.141,0.141,0.141,366,379,354,2344,365,True,1
,coût,3,604,995,0.141,0.141,0.141,385,405,354,2344,365,True,1
,des,3,604,995,0.141,0.141,0.141,412,429,354,2344,365,True,1
,travaux,3,604,995,0.141,0.141,0.141,435,471,354,2344,365,True,1
,qui,3,604,995,0.141,0.141,0.141,477,492,354,2344,365,True,1
,est,3,604,995,0.141,0.141,0.141,498,513,354,2344,365,True,1
,imputable,3,604,995,0.141,0.141,0.141,113,161,368,2359,379,True,1
,aux,3,604,995,0.141,0.141,0.141,164,182,368,2359,379,True,1
,nouvelles,3,604,995,0.141,0.141,0.141,185,231,368,2359,379,True,1
,unités.,3,604,995,0.141,0.141,0.141,234,267,368,2359,379,True,1
,20%,3,604,995,0,0,0,132,154,435,2425,446,True,1
,du,3,604,995,0,0,0,157,169,435,2425,446,True,1
,total,3,604,995,0,0,0,172,193,435,2425,446,True,1
,estimé,3,604,995,0,0,0,196,228,435,2425,446,True,1
,du,3,604,995,0,0,0,231,244,435,2425,446,True,1
,coût,3,604,995,0,0,0,247,267,435,2425,446,True,1
,des,3,604,995,0,0,0,271,288,435,2425,446,True,1
,4,3,604,995,0,0,0,397,403,435,2425,446,True,1
,728,3,604,995,0,0,0,406,424,435,2425,446,True,1
,983,3,604,995,0,0,0,428,446,435,2425,446,True,1
,$,3,604,995,0,0,0,449,455,435,2425,446,True,1
,travaux,3,604,995,0,0,0,142,178,450,2440,461,True,1
,assumés,3,604,995,0,0,0,181,225,450,2440,461,True,1
,par,3,604,995,0,0,0,228,244,450,2440,461,True,1
,la,3,604,995,0,0,0,247,256,450,2440,461,True,1
,ville,3,604,995,0,0,0,259,278,450,2440,461,True,1
,Nombre,3,604,995,0,0,0,115,154,467,2457,478,True,1
,estimé,3,604,995,0,0,0,158,190,467,2457,478,True,1
,de,3,604,995,0,0,0,193,205,467,2457,478,True,1
,nouvelles,3,604,995,0,0,0,208,255,467,2457,478,True,1
,unités,3,604,995,0,0,0,258,287,467,2457,478,True,1
,qui,3,604,995,0,0,0,290,305,467,2457,478,True,1
,891,3,604,995,0,0,0,417,435,467,2457,478,True,1
,seront,3,604,995,0,0,0,124,155,481,2472,492,True,1
,construites,3,604,995,0,0,0,158,211,481,2472,492,True,1
,sur,3,604,995,0,0,0,214,229,481,2472,492,True,1
,la,3,604,995,0,0,0,232,241,481,2472,492,True,1
,période,3,604,995,0,0,0,244,281,481,2472,492,True,1
,de,3,604,995,0,0,0,284,296,481,2472,492,True,1
,réalisation,3,604,995,0,0,0,155,205,496,2486,507,True,1
,des,3,604,995,0,0,0,208,226,496,2486,507,True,1
,travaux,3,604,995,0,0,0,229,265,496,2486,507,True,1
,Contribution,3,604,995,0,0,0,152,218,513,2503,524,True,1
,par,3,604,995,0,0,0,221,239,513,2503,524,True,1
,unité,3,604,995,0,0,0,242,268,513,2503,524,True,1
,5,3,604,995,0,0,0,408,414,513,2503,524,True,1
,308,3,604,995,0,0,0,417,435,513,2503,524,True,1
,$,3,604,995,0,0,0,438,444,513,2503,524,True,1
,ARTICLE,3,604,995,0,0,0,113,165,566,2557,578,True,1
,8,3,604,995,0,0,0,169,176,566,2557,578,True,1
,:,3,604,995,0,0,0,179,183,566,2557,578,True,1
,Établissement,3,604,995,0,0,0,186,268,566,2557,578,True,1
,d’un,3,604,995,0,0,0,271,296,566,2557,578,True,1
,fond,3,604,995,0,0,0,299,325,566,2557,578,True,1
,dédié,3,604,995,0,0,0,329,360,566,2557,578,True,1
,Est,3,604,995,0,0,0,113,129,594,2584,605,True,1
,"créé,",3,604,995,0,0,0,133,157,594,2584,605,True,1
,à,3,604,995,0,0,0,160,166,594,2584,605,True,1
,compter,3,604,995,0,0,0,170,209,594,2584,605,True,1
,de,3,604,995,0,0,0,213,225,594,2584,605,True,1
,la,3,604,995,0,0,0,228,236,594,2584,605,True,1
,date,3,604,995,0,0,0,240,261,594,2584,605,True,1
,d’entrée,3,604,995,0,0,0,264,304,594,2584,605,True,1
,en,3,604,995,0,0,0,307,320,594,2584,605,True,1
,vigueur,3,604,995,0,0,0,323,359,594,2584,605,True,1
,du,3,604,995,0,0,0,362,375,594,2584,605,True,1
,présent,3,604,995,0,0,0,378,414,594,2584,605,True,1
,"règlement,",3,604,995,0,0,0,418,470,594,2584,605,True,1
,le,3,604,995,0,0,0,473,481,594,2584,605,True,1
,«,3,604,995,0,0,0,485,491,594,2584,605,True,1
,Fonds,3,604,995,0,0,0,494,524,594,2584,605,True,1
,de,3,604,995,0,0,0,113,126,606,2597,617,True,1
,redevance,3,604,995,0,0,0,134,186,606,2597,617,True,1
,au,3,604,995,0,0,0,194,206,606,2597,617,True,1
,développement,3,604,995,0,0,0,215,290,606,2597,617,True,1
,"»,",3,604,995,0,0,0,299,308,606,2597,617,True,1
,au,3,604,995,0,0,0,316,329,606,2597,617,True,1
,profit,3,604,995,0,0,0,337,361,606,2597,617,True,1
,des,3,604,995,0,0,0,370,388,606,2597,617,True,1
,"travaux,",3,604,995,0,0,0,396,435,606,2597,617,True,1
,équipements,3,604,995,0,0,0,444,507,606,2597,617,True,1
,et,3,604,995,0,0,0,515,524,606,2597,617,True,1
,infrastructures,3,604,995,0,0,0,113,183,619,2609,630,True,1
,énumérés,3,604,995,0,0,0,187,236,619,2609,630,True,1
,au,3,604,995,0,0,0,240,252,619,2609,630,True,1
,présent,3,604,995,0,0,0,256,293,619,2609,630,True,1
,règlement.,3,604,995,0,0,0,297,349,619,2609,630,True,1
,Le,3,604,995,0,0,0,353,365,619,2609,630,True,1
,fonds,3,604,995,0,0,0,369,396,619,2609,630,True,1
,est,3,604,995,0,0,0,400,415,619,2609,630,True,1
,à,3,604,995,0,0,0,419,425,619,2609,630,True,1
,durée,3,604,995,0,0,0,429,457,619,2609,630,True,1
,indéterminée,3,604,995,0,0,0,461,525,619,2609,630,True,1
,et,3,604,995,0,0,0,113,123,632,2622,643,True,1
,se,3,604,995,0,0,0,128,140,632,2622,643,True,1
,compose,3,604,995,0,0,0,145,190,632,2622,643,True,1
,des,3,604,995,0,0,0,195,213,632,2622,643,True,1
,sommes,3,604,995,0,0,0,218,260,632,2622,643,True,1
,versées,3,604,995,0,0,0,265,304,632,2622,643,True,1
,par,3,604,995,0,0,0,309,325,632,2622,643,True,1
,les,3,604,995,0,0,0,331,345,632,2622,643,True,1
,requérants,3,604,995,0,0,0,350,403,632,2622,643,True,1
,et,3,604,995,0,0,0,408,417,632,2622,643,True,1
,des,3,604,995,0,0,0,423,440,632,2622,643,True,1
,intérêts,3,604,995,0,0,0,446,482,632,2622,643,True,1
,qu’elles,3,604,995,0,0,0,487,525,632,2622,643,True,1
,produisent.,3,604,995,0,0,0,113,168,644,2635,655,True,1
,L’actif,3,604,995,0,0,0,113,142,670,2660,681,True,1
,du,3,604,995,0,0,0,146,158,670,2660,681,True,1
,fonds,3,604,995,0,0,0,162,188,670,2660,681,True,1
,est,3,604,995,0,0,0,192,207,670,2660,681,True,1
,destiné,3,604,995,0,0,0,210,246,670,2660,681,True,1
,exclusivement,3,604,995,0,0,0,249,319,670,2660,681,True,1
,au,3,604,995,0,0,0,322,335,670,2660,681,True,1
,financement,3,604,995,0,0,0,338,398,670,2660,681,True,1
,des,3,604,995,0,0,0,402,419,670,2660,681,True,1
,dépenses,3,604,995,0,0,0,423,471,670,2660,681,True,1
,relatives,3,604,995,0,0,0,474,515,670,2660,681,True,1
,à,3,604,995,0,0,0,518,525,670,2660,681,True,1
,la,3,604,995,0,0,0,113,122,682,2673,693,True,1
,"création,",3,604,995,0,0,0,131,174,682,2673,693,True,1
,"l’aménagement,",3,604,995,0,0,0,183,261,682,2673,693,True,1
,le,3,604,995,0,0,0,271,279,682,2673,693,True,1
,"réaménagement,",3,604,995,0,0,0,289,372,682,2673,693,True,1
,la,3,604,995,0,0,0,382,390,682,2673,693,True,1
,mise,3,604,995,0,0,0,399,423,682,2673,693,True,1
,à,3,604,995,0,0,0,432,438,682,2673,693,True,1
,"niveau,",3,604,995,0,0,0,448,483,682,2673,693,True,1
,"l’ajout,",3,604,995,0,0,0,493,525,682,2673,693,True,1
,l’agrandissement,3,604,995,0,0,0,113,197,695,2685,706,True,1
,ou,3,604,995,0,0,0,202,214,695,2685,706,True,1
,la,3,604,995,0,0,0,219,227,695,2685,706,True,1
,modification,3,604,995,0,0,0,232,291,695,2685,706,True,1
,de,3,604,995,0,0,0,296,308,695,2685,706,True,1
,tout,3,604,995,0,0,0,313,332,695,2685,706,True,1
,équipement,3,604,995,0,0,0,337,394,695,2685,706,True,1
,ou,3,604,995,0,0,0,399,411,695,2685,706,True,1
,infrastructure,3,604,995,0,0,0,416,480,695,2685,706,True,1
,projetés,3,604,995,0,0,0,485,525,695,2685,706,True,1
,aux,3,604,995,0,0,0,113,131,708,2698,719,True,1
,termes,3,604,995,0,0,0,134,168,708,2698,719,True,1
,de,3,604,995,0,0,0,171,183,708,2698,719,True,1
,l’article,3,604,995,0,0,0,186,220,708,2698,719,True,1
,6.,3,604,995,0,0,0,223,233,708,2698,719,True,1
,L’actif,3,604,995,0,0,0,113,142,733,2723,744,True,1
,du,3,604,995,0,0,0,146,159,733,2723,744,True,1
,fonds,3,604,995,0,0,0,162,190,733,2723,744,True,1
,peut,3,604,995,0,0,0,194,215,733,2723,744,True,1
,être,3,604,995,0,0,0,219,238,733,2723,744,True,1
,utilisé,3,604,995,0,0,0,242,270,733,2723,744,True,1
,par,3,604,995,0,0,0,274,290,733,2723,744,True,1
,l’affectation,3,604,995,0,0,0,294,350,733,2723,744,True,1
,de,3,604,995,0,0,0,354,366,733,2723,744,True,1
,fonds,3,604,995,0,0,0,370,397,733,2723,744,True,1
,équivalant,3,604,995,0,0,0,401,451,733,2723,744,True,1
,aux,3,604,995,0,0,0,455,473,733,2723,744,True,1
,dépenses,3,604,995,0,0,0,477,525,733,2723,744,True,1
,engagées,3,604,995,0,0,0,113,162,745,2736,756,True,1
,relativement,3,604,995,0,0,0,165,225,745,2736,756,True,1
,aux,3,604,995,0,0,0,229,246,745,2736,756,True,1
,intérêts,3,604,995,0,0,0,250,286,745,2736,756,True,1
,et,3,604,995,0,0,0,290,299,745,2736,756,True,1
,au,3,604,995,0,0,0,302,315,745,2736,756,True,1
,remboursement,3,604,995,0,0,0,318,395,745,2736,756,True,1
,en,3,604,995,0,0,0,399,411,745,2736,756,True,1
,capital,3,604,995,0,0,0,415,447,745,2736,756,True,1
,des,3,604,995,0,0,0,450,468,745,2736,756,True,1
,échéances,3,604,995,0,0,0,471,525,745,2736,756,True,1
,annuelles,3,604,995,0,0,0,113,160,758,2748,769,True,1
,de,3,604,995,0,0,0,164,176,758,2748,769,True,1
,tout,3,604,995,0,0,0,179,198,758,2748,769,True,1
,emprunt,3,604,995,0,0,0,201,241,758,2748,769,True,1
,contracté,3,604,995,0,0,0,244,290,758,2748,769,True,1
,aux,3,604,995,0,0,0,293,311,758,2748,769,True,1
,fins,3,604,995,0,0,0,314,331,758,2748,769,True,1
,de,3,604,995,0,0,0,334,346,758,2748,769,True,1
,l’exécution,3,604,995,0,0,0,350,402,758,2748,769,True,1
,des,3,604,995,0,0,0,405,423,758,2748,769,True,1
,travaux,3,604,995,0,0,0,426,462,758,2748,769,True,1
,visés,3,604,995,0,0,0,465,490,758,2748,769,True,1
,par,3,604,995,0,0,0,493,509,758,2748,769,True,1
,de,3,604,995,0,0,0,513,525,758,2748,769,True,1
,telles,3,604,995,0,0,0,113,139,771,2761,782,True,1
,dépenses.,3,604,995,0,0,0,142,193,771,2761,782,True,1
,Dans,3,604,995,0,0,0,113,139,796,2786,807,True,1
,le,3,604,995,0,0,0,144,152,796,2786,807,True,1
,cas,3,604,995,0,0,0,157,174,796,2786,807,True,1
,où,3,604,995,0,0,0,179,191,796,2786,807,True,1
,la,3,604,995,0,0,0,196,205,796,2786,807,True,1
,Ville,3,604,995,0,0,0,209,230,796,2786,807,True,1
,constate,3,604,995,0,0,0,235,277,796,2786,807,True,1
,un,3,604,995,0,0,0,281,294,796,2786,807,True,1
,surplus,3,604,995,0,0,0,298,334,796,2786,807,True,1
,qui,3,604,995,0,0,0,339,353,796,2786,807,True,1
,ne,3,604,995,0,0,0,358,370,796,2786,807,True,1
,peut,3,604,995,0,0,0,375,397,796,2786,807,True,1
,être,3,604,995,0,0,0,401,420,796,2786,807,True,1
,utilisé,3,604,995,0,0,0,425,453,796,2786,807,True,1
,aux,3,604,995,0,0,0,458,476,796,2786,807,True,1
,fins,3,604,995,0,0,0,480,498,796,2786,807,True,1
,pour,3,604,995,0,0,0,502,524,796,2786,807,True,1
,laquelle,3,604,995,0,0,0,113,151,809,2799,820,True,1
,la,3,604,995,0,0,0,154,163,809,2799,820,True,1
,contribution,3,604,995,0,0,0,166,223,809,2799,820,True,1
,a,3,604,995,0,0,0,226,232,809,2799,820,True,1
,été,3,604,995,0,0,0,235,251,809,2799,820,True,1
,"exigée,",3,604,995,0,0,0,254,289,809,2799,820,True,1
,le,3,604,995,0,0,0,292,301,809,2799,820,True,1
,solde,3,604,995,0,0,0,304,330,809,2799,820,True,1
,résiduel,3,604,995,0,0,0,333,372,809,2799,820,True,1
,du,3,604,995,0,0,0,375,387,809,2799,820,True,1
,fonds,3,604,995,0,0,0,390,417,809,2799,820,True,1
,doit,3,604,995,0,0,0,420,438,809,2799,820,True,1
,être,3,604,995,0,0,0,441,460,809,2799,820,True,1
,réparti,3,604,995,0,0,0,463,494,809,2799,820,True,1
,par,3,604,995,0,0,0,497,513,809,2799,820,True,1
,la,3,604,995,0,0,0,516,525,809,2799,820,True,1
,Ville,3,604,995,0,0,0,113,134,821,2812,832,True,1
,entre,3,604,995,0,0,0,138,163,821,2812,832,True,1
,les,3,604,995,0,0,0,166,180,821,2812,832,True,1
,propriétaires,3,604,995,0,0,0,184,245,821,2812,832,True,1
,des,3,604,995,0,0,0,248,266,821,2812,832,True,1
,immeubles,3,604,995,0,0,0,269,323,821,2812,832,True,1
,visés,3,604,995,0,0,0,326,351,821,2812,832,True,1
,par,3,604,995,0,0,0,355,371,821,2812,832,True,1
,les,3,604,995,0,0,0,374,388,821,2812,832,True,1
,permis,3,604,995,0,0,0,392,425,821,2812,832,True,1
,dont,3,604,995,0,0,0,428,449,821,2812,832,True,1
,la,3,604,995,0,0,0,453,461,821,2812,832,True,1
,délivrance,3,604,995,0,0,0,465,515,821,2812,832,True,1
,a,3,604,995,0,0,0,518,524,821,2812,832,True,1
,été,3,604,995,0,0,0,113,129,834,2824,845,True,1
,assujettie,3,604,995,0,0,0,132,179,834,2824,845,True,1
,au,3,604,995,0,0,0,182,195,834,2824,845,True,1
,paiement,3,604,995,0,0,0,198,243,834,2824,845,True,1
,de,3,604,995,0,0,0,247,259,834,2824,845,True,1
,la,3,604,995,0,0,0,263,271,834,2824,845,True,1
,"contribution,",3,604,995,0,0,0,275,335,834,2824,845,True,1
,au,3,604,995,0,0,0,338,350,834,2824,845,True,1
,prorata,3,604,995,0,0,0,354,389,834,2824,845,True,1
,des,3,604,995,0,0,0,392,410,834,2824,845,True,1
,montants,3,604,995,0,0,0,413,459,834,2824,845,True,1
,payés.,3,604,995,0,0,0,462,495,834,2824,845,True,1
,Cette,3,604,995,0,0,0,498,525,834,2824,845,True,1
,répartition,3,604,995,0,0,0,113,162,847,2837,858,True,1
,doit,3,604,995,0,0,0,166,184,847,2837,858,True,1
,être,3,604,995,0,0,0,188,207,847,2837,858,True,1
,faite,3,604,995,0,0,0,210,231,847,2837,858,True,1
,au,3,604,995,0,0,0,235,247,847,2837,858,True,1
,plus,3,604,995,0,0,0,251,271,847,2837,858,True,1
,tard,3,604,995,0,0,0,275,294,847,2837,858,True,1
,le,3,604,995,0,0,0,297,306,847,2837,858,True,1
,31,3,604,995,0,0,0,310,322,847,2837,858,True,1
,décembre,3,604,995,0,0,0,326,374,847,2837,858,True,1
,de,3,604,995,0,0,0,378,390,847,2837,858,True,1
,l’exercice,3,604,995,0,0,0,394,440,847,2837,858,True,1
,financier,3,604,995,0,0,0,444,485,847,2837,858,True,1
,qui,3,604,995,0,0,0,489,504,847,2837,858,True,1
,suit,3,604,995,0,0,0,507,524,847,2837,858,True,1
,celui,3,604,995,0,0,0,113,136,859,2850,870,True,1
,au,3,604,995,0,0,0,139,151,859,2850,870,True,1
,cours,3,604,995,0,0,0,154,181,859,2850,870,True,1
,duquel,3,604,995,0,0,0,184,218,859,2850,870,True,1
,le,3,604,995,0,0,0,221,229,859,2850,870,True,1
,surplus,3,604,995,0,0,0,232,268,859,2850,870,True,1
,est,3,604,995,0,0,0,271,285,859,2850,870,True,1
,constaté.,3,604,995,0,0,0,289,333,859,2850,870,True,1
B-Pied,Règlement,3,604,995,0,0,0,113,150,939,2929,947,True,1
I-Pied,1324,3,604,995,0,0,0,152,170,939,2929,947,True,1
I-Pied,–Contribution,3,604,995,0,0,0,171,219,939,2929,947,True,1
I-Pied,pour,3,604,995,0,0,0,221,237,939,2929,947,True,1
I-Pied,financer,3,604,995,0,0,0,239,267,939,2929,947,True,1
I-Pied,une,3,604,995,0,0,0,269,282,939,2929,947,True,1
I-Pied,dépense,3,604,995,0,0,0,284,312,939,2929,947,True,1
I-Pied,pour,3,604,995,0,0,0,314,330,939,2929,947,True,1
I-Pied,"l’ajout,",3,604,995,0,0,0,332,355,939,2929,947,True,1
I-Pied,l’agrandissement,3,604,995,0,0,0,357,415,939,2929,947,True,1
I-Pied,ou,3,604,995,0,0,0,417,426,939,2929,947,True,1
I-Pied,la,3,604,995,0,0,0,428,434,939,2929,947,True,1
I-Pied,modification,3,604,995,0,0,0,435,479,939,2929,947,True,1
I-Pied,d’infrastructures,3,604,995,0,0,0,113,171,948,2939,956,True,1
I-Pied,ou,3,604,995,0,0,0,173,182,948,2939,956,True,1
I-Pied,équipements,3,604,995,0,0,0,183,228,948,2939,956,True,1
I-Pied,municipaux,3,604,995,0,0,0,230,270,948,2939,956,True,1
I-Pied,–,3,604,995,0,0,0,271,276,948,2939,956,True,1
I-Pied,19,3,604,995,0,0,0,277,286,948,2939,956,True,1
I-Pied,avril,3,604,995,0,0,0,288,304,948,2939,956,True,1
I-Pied,2022,3,604,995,0,0,0,305,323,948,2939,956,True,1
I-Pied,(Adoption,3,604,995,0,0,0,325,360,948,2939,956,True,1
I-Pied,),3,604,995,0,0,0,361,364,948,2939,956,True,1
I-Pied,page,3,604,995,0,0,0,558,574,948,2939,956,True,1
I-Pied,3,3,604,995,0,0,0,576,580,948,2939,956,True,1
B-Tete,4,4,604,995,0,0,0,316,322,37,3023,49,True,1
,ARTICLE,4,604,995,0,0,0,113,165,65,3050,77,True,1
,9,4,604,995,0,0,0,169,176,65,3050,77,True,1
,:,4,604,995,0,0,0,179,183,65,3050,77,True,1
,Exonération,4,604,995,0,0,0,186,255,65,3050,77,True,1
,L’exigence,4,604,995,0,0,0,113,166,92,3078,103,True,1
,d’une,4,604,995,0,0,0,169,196,92,3078,103,True,1
,contribution,4,604,995,0,0,0,199,256,92,3078,103,True,1
,n’est,4,604,995,0,0,0,259,282,92,3078,103,True,1
,pas,4,604,995,0,0,0,285,303,92,3078,103,True,1
,applicable,4,604,995,0,0,0,306,356,92,3078,103,True,1
,:,4,604,995,0,0,0,359,362,92,3078,103,True,1
,1),4,604,995,0,0,0,131,141,118,3103,129,True,1
,À,4,604,995,0,0,0,149,156,118,3103,129,True,1
,un,4,604,995,0,0,0,160,172,118,3103,129,True,1
,organisme,4,604,995,0,0,0,176,228,118,3103,129,True,1
,public,4,604,995,0,0,0,231,260,118,3103,129,True,1
,au,4,604,995,0,0,0,264,276,118,3103,129,True,1
,sens,4,604,995,0,0,0,280,303,118,3103,129,True,1
,du,4,604,995,0,0,0,307,320,118,3103,129,True,1
,premier,4,604,995,0,0,0,323,361,118,3103,129,True,1
,alinéa,4,604,995,0,0,0,365,394,118,3103,129,True,1
,de,4,604,995,0,0,0,398,410,118,3103,129,True,1
,l’article,4,604,995,0,0,0,414,448,118,3103,129,True,1
,3,4,604,995,0,0,0,452,458,118,3103,129,True,1
,de,4,604,995,0,0,0,462,474,118,3103,129,True,1
,la,4,604,995,0,0,0,478,487,118,3103,129,True,1
,Loi,4,604,995,0,0,0,491,506,118,3103,129,True,1
,sur,4,604,995,0,0,0,509,525,118,3103,129,True,1
,l’accès,4,604,995,0,0,0,149,183,130,3116,141,True,1
,aux,4,604,995,0,0,0,189,207,130,3116,141,True,1
,documents,4,604,995,0,0,0,213,267,130,3116,141,True,1
,des,4,604,995,0,0,0,273,291,130,3116,141,True,1
,organismes,4,604,995,0,0,0,297,354,130,3116,141,True,1
,publics,4,604,995,0,0,0,360,394,130,3116,141,True,1
,et,4,604,995,0,0,0,401,410,130,3116,141,True,1
,sur,4,604,995,0,0,0,416,431,130,3116,141,True,1
,la,4,604,995,0,0,0,438,446,130,3116,141,True,1
,protection,4,604,995,0,0,0,452,501,130,3116,141,True,1
,des,4,604,995,0,0,0,507,524,130,3116,141,True,1
,renseignements,4,604,995,0,0,0,149,228,143,3128,154,True,1
,personnels,4,604,995,0,0,0,231,285,143,3128,154,True,1
,"(RLRQ,",4,604,995,0,0,0,288,325,143,3128,154,True,1
,c.,4,604,995,0,0,0,328,337,143,3128,154,True,1
,A-2.1).,4,604,995,0,0,0,340,373,143,3128,154,True,1
,2),4,604,995,0,0,0,131,141,168,3154,179,True,1
,À,4,604,995,0,0,0,149,156,168,3154,179,True,1
,un,4,604,995,0,0,0,160,172,168,3154,179,True,1
,centre,4,604,995,0,0,0,176,206,168,3154,179,True,1
,de,4,604,995,0,0,0,210,222,168,3154,179,True,1
,la,4,604,995,0,0,0,226,234,168,3154,179,True,1
,petite,4,604,995,0,0,0,238,265,168,3154,179,True,1
,enfance,4,604,995,0,0,0,268,307,168,3154,179,True,1
,au,4,604,995,0,0,0,311,323,168,3154,179,True,1
,sens,4,604,995,0,0,0,327,350,168,3154,179,True,1
,de,4,604,995,0,0,0,354,366,168,3154,179,True,1
,la,4,604,995,0,0,0,370,378,168,3154,179,True,1
,Loi,4,604,995,0,0,0,382,396,168,3154,179,True,1
,sur,4,604,995,0,0,0,400,415,168,3154,179,True,1
,les,4,604,995,0,0,0,419,433,168,3154,179,True,1
,services,4,604,995,0,0,0,437,477,168,3154,179,True,1
,de,4,604,995,0,0,0,481,493,168,3154,179,True,1
,garde,4,604,995,0,0,0,496,525,168,3154,179,True,1
,éducatifs,4,604,995,0,0,0,149,194,181,3166,192,True,1
,à,4,604,995,0,0,0,197,203,181,3166,192,True,1
,l’enfance,4,604,995,0,0,0,206,250,181,3166,192,True,1
,"(RLRQ,",4,604,995,0,0,0,253,290,181,3166,192,True,1
,c.,4,604,995,0,0,0,293,302,181,3166,192,True,1
,S-4.1.1).,4,604,995,0,0,0,305,347,181,3166,192,True,1
,3),4,604,995,0,0,0,131,141,207,3193,218,True,1
,À,4,604,995,0,0,0,149,156,207,3193,218,True,1
,la,4,604,995,0,0,0,160,169,207,3193,218,True,1
,reconstruction,4,604,995,0,0,0,173,242,207,3193,218,True,1
,d’un,4,604,995,0,0,0,246,267,207,3193,218,True,1
,bâtiment,4,604,995,0,0,0,271,313,207,3193,218,True,1
,qui,4,604,995,0,0,0,317,332,207,3193,218,True,1
,a,4,604,995,0,0,0,336,342,207,3193,218,True,1
,été,4,604,995,0,0,0,346,361,207,3193,218,True,1
,détruit,4,604,995,0,0,0,365,396,207,3193,218,True,1
,volontairement,4,604,995,0,0,0,400,472,207,3193,218,True,1
,ou,4,604,995,0,0,0,476,488,207,3193,218,True,1
,par,4,604,995,0,0,0,492,508,207,3193,218,True,1
,un,4,604,995,0,0,0,512,524,207,3193,218,True,1
,sinistre,4,604,995,0,0,0,149,184,220,3205,231,True,1
,qui,4,604,995,0,0,0,189,204,220,3205,231,True,1
,n’a,4,604,995,0,0,0,209,223,220,3205,231,True,1
,pas,4,604,995,0,0,0,228,246,220,3205,231,True,1
,pour,4,604,995,0,0,0,251,273,220,3205,231,True,1
,effet,4,604,995,0,0,0,278,299,220,3205,231,True,1
,d’augmenter,4,604,995,0,0,0,304,365,220,3205,231,True,1
,le,4,604,995,0,0,0,370,379,220,3205,231,True,1
,nombre,4,604,995,0,0,0,384,421,220,3205,231,True,1
,d’unités,4,604,995,0,0,0,426,464,220,3205,231,True,1
,d’habitation,4,604,995,0,0,0,468,525,220,3205,231,True,1
,existant,4,604,995,0,0,0,149,187,232,3218,244,True,1
,le,4,604,995,0,0,0,193,201,232,3218,244,True,1
,jour,4,604,995,0,0,0,207,225,232,3218,244,True,1
,précédent,4,604,995,0,0,0,230,279,232,3218,244,True,1
,la,4,604,995,0,0,0,285,293,232,3218,244,True,1
,"destruction,",4,604,995,0,0,0,299,356,232,3218,244,True,1
,conditionnellement,4,604,995,0,0,0,361,453,232,3218,244,True,1
,à,4,604,995,0,0,0,458,464,232,3218,244,True,1
,ce,4,604,995,0,0,0,470,481,232,3218,244,True,1
,que,4,604,995,0,0,0,487,505,232,3218,244,True,1
,les,4,604,995,0,0,0,510,524,232,3218,244,True,1
,permis,4,604,995,0,0,0,149,183,245,3231,256,True,1
,requis,4,604,995,0,0,0,186,216,245,3231,256,True,1
,soient,4,604,995,0,0,0,219,248,245,3231,256,True,1
,émis,4,604,995,0,0,0,251,274,245,3231,256,True,1
,dans,4,604,995,0,0,0,277,301,245,3231,256,True,1
,les,4,604,995,0,0,0,304,318,245,3231,256,True,1
,douze,4,604,995,0,0,0,321,351,245,3231,256,True,1
,(12),4,604,995,0,0,0,354,374,245,3231,256,True,1
,mois,4,604,995,0,0,0,377,400,245,3231,256,True,1
,suivants,4,604,995,0,0,0,403,444,245,3231,256,True,1
,la,4,604,995,0,0,0,447,455,245,3231,256,True,1
,destruction.,4,604,995,0,0,0,458,515,245,3231,256,True,1
,4),4,604,995,0,0,0,131,141,272,3257,283,True,1
,À,4,604,995,0,0,0,149,156,272,3257,283,True,1
,la,4,604,995,0,0,0,160,169,272,3257,283,True,1
,portion,4,604,995,0,0,0,173,207,272,3257,283,True,1
,d’un,4,604,995,0,0,0,211,232,272,3257,283,True,1
,bâtiment,4,604,995,0,0,0,236,279,272,3257,283,True,1
,résidentiel,4,604,995,0,0,0,283,333,272,3257,283,True,1
,ou,4,604,995,0,0,0,337,349,272,3257,283,True,1
,mixte,4,604,995,0,0,0,354,380,272,3257,283,True,1
,permettant,4,604,995,0,0,0,384,437,272,3257,283,True,1
,la,4,604,995,0,0,0,442,450,272,3257,283,True,1
,mise,4,604,995,0,0,0,454,478,272,3257,283,True,1
,en,4,604,995,0,0,0,482,494,272,3257,283,True,1
,place,4,604,995,0,0,0,498,525,272,3257,283,True,1
,de,4,604,995,0,0,0,149,162,284,3270,295,True,1
,logements,4,604,995,0,0,0,165,216,284,3270,295,True,1
,abordables,4,604,995,0,0,0,219,274,284,3270,295,True,1
,dans,4,604,995,0,0,0,277,301,284,3270,295,True,1
,le,4,604,995,0,0,0,305,313,284,3270,295,True,1
,cadre,4,604,995,0,0,0,317,344,284,3270,295,True,1
,d’un,4,604,995,0,0,0,347,368,284,3270,295,True,1
,programme,4,604,995,0,0,0,372,428,284,3270,295,True,1
,de,4,604,995,0,0,0,431,444,284,3270,295,True,1
,subvention,4,604,995,0,0,0,447,500,284,3270,295,True,1
,d’un,4,604,995,0,0,0,504,524,284,3270,295,True,1
,organisme,4,604,995,0,0,0,149,201,297,3282,308,True,1
,public.,4,604,995,0,0,0,204,236,297,3282,308,True,1
,ARTICLE,4,604,995,0,0,0,113,165,324,3309,336,True,1
,10,4,604,995,0,0,0,169,182,324,3309,336,True,1
,:,4,604,995,0,0,0,186,190,324,3309,336,True,1
,Durée,4,604,995,0,0,0,193,227,324,3309,336,True,1
,de,4,604,995,0,0,0,230,244,324,3309,336,True,1
,validité,4,604,995,0,0,0,247,289,324,3309,336,True,1
,du,4,604,995,0,0,0,292,307,324,3309,336,True,1
,calcul,4,604,995,0,0,0,310,344,324,3309,336,True,1
,de,4,604,995,0,0,0,347,361,324,3309,336,True,1
,la,4,604,995,0,0,0,365,375,324,3309,336,True,1
,contribution,4,604,995,0,0,0,378,448,324,3309,336,True,1
,Le,4,604,995,0,0,0,113,126,351,3336,362,True,1
,montant,4,604,995,0,0,0,129,169,351,3336,362,True,1
,de,4,604,995,0,0,0,173,185,351,3336,362,True,1
,la,4,604,995,0,0,0,188,197,351,3336,362,True,1
,contribution,4,604,995,0,0,0,201,257,351,3336,362,True,1
,présenté,4,604,995,0,0,0,261,304,351,3336,362,True,1
,au,4,604,995,0,0,0,307,320,351,3336,362,True,1
,présent,4,604,995,0,0,0,323,360,351,3336,362,True,1
,règlement,4,604,995,0,0,0,363,412,351,3336,362,True,1
,est,4,604,995,0,0,0,416,430,351,3336,362,True,1
,en,4,604,995,0,0,0,434,446,351,3336,362,True,1
,vigueur,4,604,995,0,0,0,450,486,351,3336,362,True,1
,jusqu’à,4,604,995,0,0,0,489,525,351,3336,362,True,1
,sa,4,604,995,0,0,0,113,125,364,3349,375,True,1
,modification,4,604,995,0,0,0,128,187,364,3349,375,True,1
,ou,4,604,995,0,0,0,190,202,364,3349,375,True,1
,l’abrogation,4,604,995,0,0,0,205,262,364,3349,375,True,1
,du,4,604,995,0,0,0,265,277,364,3349,375,True,1
,présent,4,604,995,0,0,0,281,317,364,3349,375,True,1
,règlement.,4,604,995,0,0,0,320,372,364,3349,375,True,1
,Le,4,604,995,0,0,0,113,126,389,3374,400,True,1
,montant,4,604,995,0,0,0,130,170,389,3374,400,True,1
,applicable,4,604,995,0,0,0,175,224,389,3374,400,True,1
,est,4,604,995,0,0,0,229,244,389,3374,400,True,1
,calculé,4,604,995,0,0,0,248,282,389,3374,400,True,1
,au,4,604,995,0,0,0,287,299,389,3374,400,True,1
,jour,4,604,995,0,0,0,304,322,389,3374,400,True,1
,de,4,604,995,0,0,0,327,339,389,3374,400,True,1
,dépôt,4,604,995,0,0,0,344,371,389,3374,400,True,1
,d’une,4,604,995,0,0,0,376,403,389,3374,400,True,1
,demande,4,604,995,0,0,0,407,453,389,3374,400,True,1
,de,4,604,995,0,0,0,458,470,389,3374,400,True,1
,permis,4,604,995,0,0,0,475,508,389,3374,400,True,1
,de,4,604,995,0,0,0,512,525,389,3374,400,True,1
,construction,4,604,995,0,0,0,113,173,402,3387,413,True,1
,substantiellement,4,604,995,0,0,0,176,261,402,3387,413,True,1
,complète.,4,604,995,0,0,0,265,312,402,3387,413,True,1
,ARTICLE,4,604,995,0,0,0,113,165,427,3413,439,True,1
,11,4,604,995,0,0,0,169,182,427,3413,439,True,1
,:,4,604,995,0,0,0,186,190,427,3413,439,True,1
,Entrée,4,604,995,0,0,0,193,230,427,3413,439,True,1
,en,4,604,995,0,0,0,233,247,427,3413,439,True,1
,vigueur,4,604,995,0,0,0,251,294,427,3413,439,True,1
,Le,4,604,995,0,0,0,113,126,453,3439,464,True,1
,présent,4,604,995,0,0,0,129,165,453,3439,464,True,1
,règlement,4,604,995,0,0,0,168,217,453,3439,464,True,1
,entre,4,604,995,0,0,0,221,246,453,3439,464,True,1
,en,4,604,995,0,0,0,249,261,453,3439,464,True,1
,vigueur,4,604,995,0,0,0,264,300,453,3439,464,True,1
,suivant,4,604,995,0,0,0,303,338,453,3439,464,True,1
,la,4,604,995,0,0,0,341,350,453,3439,464,True,1
,Loi.,4,604,995,0,0,0,353,370,453,3439,464,True,1
,Avis,4,604,995,0,0,0,140,161,488,3474,499,True,1
,de,4,604,995,0,0,0,164,176,488,3474,499,True,1
,motion,4,604,995,0,0,0,179,212,488,3474,499,True,1
,21,4,604,995,0,0,0,402,415,488,3474,499,True,1
,février,4,604,995,0,0,0,418,448,488,3474,499,True,1
,2022,4,604,995,0,0,0,452,476,488,3474,499,True,1
,Adoption,4,604,995,0,0,0,140,184,504,3489,515,True,1
,du,4,604,995,0,0,0,187,199,504,3489,515,True,1
,projet,4,604,995,0,0,0,202,229,504,3489,515,True,1
,21,4,604,995,0,0,0,409,421,504,3489,515,True,1
,mars,4,604,995,0,0,0,424,448,504,3489,515,True,1
,2022,4,604,995,0,0,0,452,476,504,3489,515,True,1
,Consultation,4,604,995,0,0,0,140,201,519,3504,530,True,1
,publique,4,604,995,0,0,0,204,246,519,3504,530,True,1
,5,4,604,995,0,0,0,419,425,519,3504,530,True,1
,avril,4,604,995,0,0,0,428,448,519,3504,530,True,1
,2022,4,604,995,0,0,0,452,476,519,3504,530,True,1
,Adoption,4,604,995,0,0,0,140,184,534,3519,545,True,1
,du,4,604,995,0,0,0,187,199,534,3519,545,True,1
,règlement,4,604,995,0,0,0,202,251,534,3519,545,True,1
,19,4,604,995,0,0,0,413,425,534,3519,545,True,1
,avril,4,604,995,0,0,0,428,448,534,3519,545,True,1
,2022,4,604,995,0,0,0,452,476,534,3519,545,True,1
,Certificat,4,604,995,0,0,0,140,184,549,3534,560,True,1
,de,4,604,995,0,0,0,187,199,549,3534,560,True,1
,conformité,4,604,995,0,0,0,202,253,549,3534,560,True,1
,de,4,604,995,0,0,0,256,268,549,3534,560,True,1
,la,4,604,995,0,0,0,272,280,549,3534,560,True,1
,MRC,4,604,995,0,0,0,283,308,549,3534,560,True,1
,11,4,604,995,0,0,0,415,428,549,3534,560,True,1
,mai,4,604,995,0,0,0,431,448,549,3534,560,True,1
,2022,4,604,995,0,0,0,452,476,549,3534,560,True,1
,Entrée,4,604,995,0,0,0,140,173,564,3549,575,True,1
,en,4,604,995,0,0,0,176,188,564,3549,575,True,1
,vigueur,4,604,995,0,0,0,191,227,564,3549,575,True,1
,11,4,604,995,0,0,0,415,428,564,3549,575,True,1
,mai,4,604,995,0,0,0,431,448,564,3549,575,True,1
,2022,4,604,995,0,0,0,452,476,564,3549,575,True,1
,Signé,4,604,995,0,0,0,113,142,592,3577,603,True,1
,à,4,604,995,0,0,0,145,151,592,3577,603,True,1
,"Sainte-Adèle,",4,604,995,0,0,0,154,220,592,3577,603,True,1
,ce,4,604,995,0,0,0,223,235,592,3577,603,True,1
,16e,4,604,995,,,,238,254,591,3576,603,True,1
,jour,4,604,995,0,0,0,257,275,592,3577,603,True,1
,du,4,604,995,0,0,0,278,291,592,3577,603,True,1
,mois,4,604,995,0,0,0,293,317,592,3577,603,True,1
,de,4,604,995,0,0,0,320,332,592,3577,603,True,1
,mai,4,604,995,0,0,0,335,353,592,3577,603,True,1
,de,4,604,995,0,0,0,356,368,592,3577,603,True,1
,l’an,4,604,995,0,0,0,371,388,592,3577,603,True,1
,2022.,4,604,995,0,0,0,391,419,592,3577,603,True,1
,(s),4,604,995,0,0,0,113,126,617,3603,628,True,1
,Michèle,4,604,995,0,0,0,129,167,617,3603,628,True,1
,Lalonde,4,604,995,0,0,0,170,210,617,3603,628,True,1
,(s),4,604,995,0,0,0,326,339,617,3603,628,True,1
,Audrey,4,604,995,0,0,0,342,377,617,3603,628,True,1
,Senécal,4,604,995,0,0,0,380,420,617,3603,628,True,1
,_____,4,604,995,0,0,0,255,286,630,3615,641,True,1
,_______,4,604,995,0,0,0,432,475,630,3615,641,True,1
,Michèle,4,604,995,0,0,0,113,151,642,3628,653,True,1
,Lalonde,4,604,995,0,0,0,154,194,642,3628,653,True,1
,Me,4,604,995,0,0,0,326,341,642,3628,653,True,1
,Audrey,4,604,995,0,0,0,344,379,642,3628,653,True,1
,Senécal,4,604,995,0,0,0,382,422,642,3628,653,True,1
,Mairesse,4,604,995,0,0,0,113,158,655,3640,666,True,1
,Greffière,4,604,995,0,0,0,326,369,655,3640,666,True,1
,et,4,604,995,0,0,0,372,381,655,3640,666,True,1
,directrice,4,604,995,0,0,0,384,429,655,3640,666,True,1
,des,4,604,995,0,0,0,432,449,655,3640,666,True,1
,Services,4,604,995,0,0,0,452,495,655,3640,666,True,1
,juridiques,4,604,995,0,0,0,326,373,668,3653,679,True,1
,*********************************************,4,604,995,0,0,0,230,422,693,3678,704,True,1
,CERTIFICAT,4,604,995,0,0,0,249,315,706,3691,717,True,1
,D’APPROBATION,4,604,995,0,0,0,318,410,706,3691,717,True,1
,RÈGLEMENT,4,604,995,0,0,0,281,350,718,3704,729,True,1
,1324,4,604,995,0,0,0,354,378,718,3704,729,True,1
,En,4,604,995,0,0,0,113,127,744,3729,755,True,1
,vertu,4,604,995,0,0,0,130,154,744,3729,755,True,1
,de,4,604,995,0,0,0,158,170,744,3729,755,True,1
,l’article,4,604,995,0,0,0,173,207,744,3729,755,True,1
,357,4,604,995,0,0,0,210,229,744,3729,755,True,1
,de,4,604,995,0,0,0,231,244,744,3729,755,True,1
,la,4,604,995,0,0,0,247,255,744,3729,755,True,1
,Loi,4,604,995,0,0,0,258,273,744,3729,755,True,1
,sur,4,604,995,0,0,0,276,291,744,3729,755,True,1
,les,4,604,995,0,0,0,294,309,744,3729,755,True,1
,cités,4,604,995,0,0,0,312,334,744,3729,755,True,1
,et,4,604,995,0,0,0,337,346,744,3729,755,True,1
,villes,4,604,995,0,0,0,349,374,744,3729,755,True,1
,:,4,604,995,0,0,0,377,380,744,3729,755,True,1
,«,4,604,995,0,0,0,113,120,769,3754,780,True,1
,Règlement,4,604,995,0,0,0,122,175,769,3754,780,True,1
,1324,4,604,995,0,0,0,178,203,769,3754,780,True,1
,relatif,4,604,995,0,0,0,206,233,769,3754,780,True,1
,au,4,604,995,0,0,0,236,248,769,3754,780,True,1
,paiement,4,604,995,0,0,0,252,297,769,3754,780,True,1
,d’une,4,604,995,0,0,0,301,328,769,3754,780,True,1
,contribution,4,604,995,0,0,0,331,388,769,3754,780,True,1
,pour,4,604,995,0,0,0,391,413,769,3754,780,True,1
,financer,4,604,995,0,0,0,417,456,769,3754,780,True,1
,en,4,604,995,0,0,0,459,471,769,3754,780,True,1
,tout,4,604,995,0,0,0,475,493,769,3754,780,True,1
,ou,4,604,995,0,0,0,497,509,769,3754,780,True,1
,en,4,604,995,0,0,0,512,524,769,3754,780,True,1
,partie,4,604,995,0,0,0,113,141,781,3767,792,True,1
,une,4,604,995,0,0,0,153,171,781,3767,792,True,1
,dépense,4,604,995,0,0,0,183,225,781,3767,792,True,1
,liée,4,604,995,0,0,0,237,254,781,3767,792,True,1
,à,4,604,995,0,0,0,265,272,781,3767,792,True,1
,"l’ajout,",4,604,995,0,0,0,283,315,781,3767,792,True,1
,l’agrandissement,4,604,995,0,0,0,327,410,781,3767,792,True,1
,ou,4,604,995,0,0,0,422,434,781,3767,792,True,1
,la,4,604,995,0,0,0,446,454,781,3767,792,True,1
,modification,4,604,995,0,0,0,466,525,781,3767,792,True,1
,d’infrastructures,4,604,995,0,0,0,113,192,794,3780,805,True,1
,ou,4,604,995,0,0,0,195,207,794,3780,805,True,1
,d’équipements,4,604,995,0,0,0,210,282,794,3780,805,True,1
,municipaux,4,604,995,0,0,0,285,340,794,3780,805,True,1
,».,4,604,995,0,0,0,343,352,794,3780,805,True,1
,Par,4,604,995,0,0,0,161,178,821,3807,832,True,1
,le,4,604,995,0,0,0,181,190,821,3807,832,True,1
,conseil,4,604,995,0,0,0,193,227,821,3807,832,True,1
,19,4,604,995,0,0,0,433,446,821,3807,832,True,1
,avril,4,604,995,0,0,0,449,469,821,3807,832,True,1
,2022,4,604,995,0,0,0,472,496,821,3807,832,True,1
,(s),4,604,995,0,0,0,113,126,850,3835,861,True,1
,Michèle,4,604,995,0,0,0,129,167,850,3835,861,True,1
,Lalonde,4,604,995,0,0,0,170,210,850,3835,861,True,1
,(s),4,604,995,0,0,0,326,339,850,3835,861,True,1
,Audrey,4,604,995,0,0,0,342,377,850,3835,861,True,1
,Senécal,4,604,995,0,0,0,380,420,850,3835,861,True,1
,______,4,604,995,0,0,0,184,221,862,3848,873,True,1
,_______,4,604,995,0,0,0,468,510,862,3848,873,True,1
,Michèle,4,604,995,0,0,0,113,151,875,3860,886,True,1
,Lalonde,4,604,995,0,0,0,154,194,875,3860,886,True,1
,Me,4,604,995,0,0,0,326,341,875,3860,886,True,1
,Audrey,4,604,995,0,0,0,344,379,875,3860,886,True,1
,Senécal,4,604,995,0,0,0,382,422,875,3860,886,True,1
,Mairesse,4,604,995,0,0,0,113,158,888,3873,899,True,1
,Greffière,4,604,995,0,0,0,326,369,888,3873,899,True,1
,et,4,604,995,0,0,0,372,381,888,3873,899,True,1
,directrice,4,604,995,0,0,0,384,429,888,3873,899,True,1
,des,4,604,995,0,0,0,432,449,888,3873,899,True,1
,Services,4,604,995,0,0,0,452,495,888,3873,899,True,1
,juridiques,4,604,995,0,0,0,326,373,900,3886,911,True,1
B-Pied,Règlement,4,604,995,0,0,0,113,150,939,3924,947,True,1
I-Pied,1324,4,604,995,0,0,0,152,170,939,3924,947,True,1
I-Pied,–Contribution,4,604,995,0,0,0,171,219,939,3924,947,True,1
I-Pied,pour,4,604,995,0,0,0,221,237,939,3924,947,True,1
I-Pied,financer,4,604,995,0,0,0,239,267,939,3924,947,True,1
I-Pied,une,4,604,995,0,0,0,269,282,939,3924,947,True,1
I-Pied,dépense,4,604,995,0,0,0,284,312,939,3924,947,True,1
I-Pied,pour,4,604,995,0,0,0,314,330,939,3924,947,True,1
I-Pied,"l’ajout,",4,604,995,0,0,0,332,355,939,3924,947,True,1
I-Pied,l’agrandissement,4,604,995,0,0,0,357,415,939,3924,947,True,1
I-Pied,ou,4,604,995,0,0,0,417,426,939,3924,947,True,1
I-Pied,la,4,604,995,0,0,0,428,434,939,3924,947,True,1
I-Pied,modification,4,604,995,0,0,0,435,479,939,3924,947,True,1
I-Pied,d’infrastructures,4,604,995,0,0,0,113,171,948,3934,956,True,1
I-Pied,ou,4,604,995,0,0,0,173,182,948,3934,956,True,1
I-Pied,équipements,4,604,995,0,0,0,183,228,948,3934,956,True,1
I-Pied,municipaux,4,604,995,0,0,0,230,270,948,3934,956,True,1
I-Pied,–,4,604,995,0,0,0,271,276,948,3934,956,True,1
I-Pied,19,4,604,995,0,0,0,277,286,948,3934,956,True,1
I-Pied,avril,4,604,995,0,0,0,288,304,948,3934,956,True,1
I-Pied,2022,4,604,995,0,0,0,305,323,948,3934,956,True,1
I-Pied,(Adoption,4,604,995,0,0,0,325,360,948,3934,956,True,1
I-Pied,),4,604,995,0,0,0,361,364,948,3934,956,True,1
I-Pied,page,4,604,995,0,0,0,558,574,948,3934,956,True,1
I-Pied,4,4,604,995,0,0,0,576,580,948,3934,956,True,1
